,Datum,time,measurement,commentary,pressure_sample[bar],current[mA],voltage_th[mV],voltage_needle_th[mV],voltage[mV],voltage_needle[mV],R_ges / mOhm*cm²,R_bulk / mOhm*cm²,contact_area[cm2],p_Kraftsensor / ?,pressure_rounded[bar],sample_thickness[mm],main_resistance[mOhm],main_resistance_mean[mOhm],main_resistance_error[mOhm],flow_resistance[mOhm],flow_resistance_mean[mOhm],flow_resistance_error[mOhm],bulk_resistance[mOhm],bulk_resistance_mean[mOhm],bulk_resistance_error[mOhm],bulk_resistance_sub[mOhm],contact_resistance[mOhm],contact_resistance_mean[mOhm],contact_resistance_error[mOhm],vs_main_resistance[mOhm*cm],vs_main_resistance_mean[mOhm*cm],vs_main_resistance_error[mOhm*cm],vs_flow_resistance[mOhm*cm],vs_flow_resistance_mean[mOhm*cm],vs_flow_resistance_error[mOhm*cm],vs_bulk_resistance[mOhm*cm],vs_bulk_resistance_mean[mOhm*cm],vs_bulk_resistance_error[mOhm*cm],as_main_resistance[mOhm*cm2],as_main_resistance_mean[mOhm*cm2],as_main_resistance_error[mOhm*cm2],as_through_resistance[mOhm*cm2],as_through_resistance_mean[mOhm*cm2],as_through_resistance_error[mOhm*cm2],as_bulk_resistance[mOhm*cm2],as_bulk_resistance_mean[mOhm*cm2],as_bulk_resistance_error[mOhm*cm2],as_contact_resistance[mOhm*cm2],as_contact_resistance_mean[mOhm*cm2],as_contact_resistance_error[mOhm*cm2],vs_main_conductance[S/cm],vs_main_conductance_mean[S/cm],vs_main_conductance_error[S/cm],vs_flow_conductance[S/cm],vs_flow_conductance_mean[S/cm],vs_flow_conductance_error[S/cm],vs_flow_conductance[mOhm*cm2],vs_flow_conductance_mean[mOhm*cm2],vs_flow_conductance_error[mOhm*cm2],degradation_corr[mOhm*cm2],cycle
0,04.08.2020,12:51:24, 230-1 H23o. Nadel Messung I (5Zyklen),Messung I (5Zyklen),1.02,499.7,9.91,9.91,9.95,9.95,82.6,82.65,4.15,0.22,1.0,0.0,0.02,0.02,0.0,0.01,0.01,0.0,0.02,0.02,0.0,0.0,-0.0,-0.0,0.0,82.3,82.37,0.05,40.8,40.87,0.05,0.0,0.01,0.0,0.08,0.08,0.0,0.04,0.04,0.0,0.08,0.08,0.0,-0.02,-0.02,0.0,0.01,0.01,0.0,0.02,0.01,0.0,0.01,0.0,0.0,0.01,1.0
1,04.08.2020,12:51:27, 230-1 H23o. Nadel Messung I (5Zyklen),Messung I (5Zyklen),1.03,998.0,19.84,19.83,19.88,19.88,82.65,82.66,4.15,0.22,1.0,0.0,0.02,0.02,0.0,0.01,0.01,0.0,0.02,0.02,0.0,0.0,-0.0,-0.0,0.0,82.51,82.37,0.05,41.01,40.87,0.05,0.0,0.01,0.0,0.08,0.08,0.0,0.04,0.04,0.0,0.08,0.08,0.0,-0.02,-0.02,0.0,0.01,0.01,0.0,0.02,0.01,0.0,0.01,0.0,0.0,0.01,1.0
2,04.08.2020,12:51:30, 230-1 H23o. Nadel Messung I (5Zyklen),Messung I (5Zyklen),1.03,1498.0,29.74,29.74,29.77,29.78,82.48,82.51,4.15,0.22,1.0,0.0,0.02,0.02,0.0,0.01,0.01,0.0,0.02,0.02,0.0,0.0,-0.0,-0.0,0.0,82.38,82.37,0.05,40.88,40.87,0.05,0.0,0.01,0.0,0.08,0.08,0.0,0.04,0.04,0.0,0.08,0.08,0.0,-0.02,-0.02,0.0,0.01,0.01,0.0,0.02,0.01,0.0,0.01,0.0,0.0,0.01,1.0
3,04.08.2020,12:51:34, 230-1 H23o. Nadel Messung I (5Zyklen),Messung I (5Zyklen),1.03,1998.0,39.62,39.61,39.65,39.65,82.36,82.36,4.15,0.22,1.0,0.0,0.02,0.02,0.0,0.01,0.01,0.0,0.02,0.02,0.0,0.0,-0.0,-0.0,0.0,82.29,82.37,0.05,40.79,40.87,0.05,0.0,0.01,0.0,0.08,0.08,0.0,0.04,0.04,0.0,0.08,0.08,0.0,-0.02,-0.02,0.0,0.01,0.01,0.0,0.02,0.01,0.0,0.01,0.0,0.0,0.01,1.0
4,04.08.2020,12:51:37, 230-1 H23o. Nadel Messung I (5Zyklen),Messung I (5Zyklen),1.95,499.7,7.68,7.68,7.72,7.72,64.12,64.12,4.15,0.41,2.0,0.0,0.02,0.02,0.0,0.01,0.01,0.0,0.02,0.02,0.0,0.0,-0.0,-0.0,0.0,63.82,63.23,0.21,22.32,21.73,0.21,0.0,0.02,0.0,0.06,0.06,0.0,0.02,0.02,0.0,0.06,0.06,0.0,-0.02,-0.02,0.0,0.02,0.02,0.0,0.04,0.02,0.0,0.02,0.0,0.0,0.01,1.0
5,04.08.2020,12:51:41, 230-1 H23o. Nadel Messung I (5Zyklen),Messung I (5Zyklen),2.03,998.0,15.2,15.21,15.24,15.25,63.37,63.43,4.15,0.43,2.0,0.0,0.02,0.02,0.0,0.01,0.01,0.0,0.02,0.02,0.0,0.0,-0.0,-0.0,0.0,63.23,63.23,0.21,21.73,21.73,0.21,0.0,0.02,0.0,0.06,0.06,0.0,0.02,0.02,0.0,0.06,0.06,0.0,-0.02,-0.02,0.0,0.02,0.02,0.0,0.05,0.02,0.0,0.02,0.0,0.0,0.01,1.0
6,04.08.2020,12:51:45, 230-1 H23o. Nadel Messung I (5Zyklen),Messung I (5Zyklen),2.05,1498.0,22.74,22.73,22.77,22.77,63.09,63.09,4.15,0.43,2.0,0.0,0.02,0.02,0.0,0.01,0.01,0.0,0.02,0.02,0.0,0.0,-0.0,-0.0,0.0,63.0,63.23,0.21,21.5,21.73,0.21,0.0,0.02,0.0,0.06,0.06,0.0,0.02,0.02,0.0,0.06,0.06,0.0,-0.02,-0.02,0.0,0.02,0.02,0.0,0.05,0.02,0.0,0.02,0.0,0.0,0.01,1.0
7,04.08.2020,12:51:48, 230-1 H23o. Nadel Messung I (5Zyklen),Messung I (5Zyklen),2.05,1998.0,30.26,30.25,30.3,30.3,62.94,62.93,4.15,0.43,2.0,0.0,0.02,0.02,0.0,0.01,0.01,0.0,0.02,0.02,0.0,0.0,-0.0,-0.0,0.0,62.86,63.23,0.21,21.36,21.73,0.21,0.0,0.02,0.0,0.06,0.06,0.0,0.02,0.02,0.0,0.06,0.06,0.0,-0.02,-0.02,0.0,0.02,0.02,0.0,0.05,0.02,0.0,0.02,0.0,0.0,0.01,1.0
8,04.08.2020,12:51:51, 230-1 H23o. Nadel Messung I (5Zyklen),Messung I (5Zyklen),3.05,499.7,6.41,6.39,6.44,6.44,53.53,53.45,4.15,0.64,3.0,0.0,0.01,0.01,0.0,0.01,0.01,0.0,0.01,0.01,0.0,0.0,0.0,0.0,0.0,53.23,53.2,0.04,53.23,53.2,0.04,0.0,0.02,0.0,0.05,0.05,0.0,0.05,0.05,0.0,0.05,0.05,0.0,0.0,0.0,0.0,0.02,0.02,0.0,0.02,0.02,0.0,0.02,0.0,0.0,0.0,1.0
9,04.08.2020,12:51:56, 230-1 H23o. Nadel Messung I (5Zyklen),Messung I (5Zyklen),3.06,998.0,12.82,12.81,12.86,12.85,53.46,53.44,4.15,0.65,3.0,0.0,0.01,0.01,0.0,0.01,0.01,0.0,0.01,0.01,0.0,0.0,0.0,0.0,0.0,53.31,53.2,0.04,53.31,53.2,0.04,0.0,0.02,0.0,0.05,0.05,0.0,0.05,0.05,0.0,0.05,0.05,0.0,0.0,0.0,0.0,0.02,0.02,0.0,0.02,0.02,0.0,0.02,0.0,0.0,0.0,1.0
10,04.08.2020,12:51:59, 230-1 H23o. Nadel Messung I (5Zyklen),Messung I (5Zyklen),3.06,1498.0,19.19,19.18,19.22,19.23,53.26,53.27,4.15,0.65,3.0,0.0,0.01,0.01,0.0,0.01,0.01,0.0,0.01,0.01,0.0,0.0,0.0,0.0,0.0,53.16,53.2,0.04,53.16,53.2,0.04,0.0,0.02,0.0,0.05,0.05,0.0,0.05,0.05,0.0,0.05,0.05,0.0,0.0,0.0,0.0,0.02,0.02,0.0,0.02,0.02,0.0,0.02,0.0,0.0,0.0,1.0
11,04.08.2020,12:52:02, 230-1 H23o. Nadel Messung I (5Zyklen),Messung I (5Zyklen),3.06,1998.0,25.57,25.56,25.61,25.6,53.19,53.18,4.15,0.65,3.0,0.0,0.01,0.01,0.0,0.01,0.01,0.0,0.01,0.01,0.0,0.0,0.0,0.0,0.0,53.12,53.2,0.04,53.12,53.2,0.04,0.0,0.02,0.0,0.05,0.05,0.0,0.05,0.05,0.0,0.05,0.05,0.0,0.0,0.0,0.0,0.02,0.02,0.0,0.02,0.02,0.0,0.02,0.0,0.0,0.0,1.0
12,04.08.2020,12:52:05, 230-1 H23o. Nadel Messung I (5Zyklen),Messung I (5Zyklen),6.06,499.7,5.0,4.99,5.04,5.04,41.85,41.85,4.15,1.28,6.0,0.0,0.01,0.01,0.0,0.01,0.01,0.0,0.01,0.01,0.0,0.0,0.0,0.0,0.0,41.56,41.52,0.03,41.56,41.52,0.03,0.0,0.02,0.0,0.04,0.04,0.0,0.04,0.04,0.0,0.04,0.04,0.0,0.0,0.0,0.0,0.02,0.02,0.0,0.02,0.02,0.0,0.02,0.0,0.0,0.0,1.0
13,04.08.2020,12:52:10, 230-1 H23o. Nadel Messung I (5Zyklen),Messung I (5Zyklen),6.06,998.0,10.0,9.99,10.04,10.04,41.74,41.75,4.15,1.28,6.0,0.0,0.01,0.01,0.0,0.01,0.01,0.0,0.01,0.01,0.0,0.0,0.0,0.0,0.0,41.59,41.52,0.03,41.59,41.52,0.03,0.0,0.02,0.0,0.04,0.04,0.0,0.04,0.04,0.0,0.04,0.04,0.0,0.0,0.0,0.0,0.02,0.02,0.0,0.02,0.02,0.0,0.02,0.0,0.0,0.0,1.0
14,04.08.2020,12:52:13, 230-1 H23o. Nadel Messung I (5Zyklen),Messung I (5Zyklen),6.05,1498.0,14.98,14.97,15.02,15.02,41.6,41.61,4.15,1.28,6.0,0.0,0.01,0.01,0.0,0.01,0.01,0.0,0.01,0.01,0.0,0.0,0.0,0.0,0.0,41.5,41.52,0.03,41.5,41.52,0.03,0.0,0.02,0.0,0.04,0.04,0.0,0.04,0.04,0.0,0.04,0.04,0.0,0.0,0.0,0.0,0.02,0.02,0.0,0.02,0.02,0.0,0.02,0.0,0.0,0.0,1.0
15,04.08.2020,12:52:16, 230-1 H23o. Nadel Messung I (5Zyklen),Messung I (5Zyklen),6.05,1998.0,19.96,19.94,19.99,19.98,41.53,41.51,4.15,1.28,6.0,0.0,0.01,0.01,0.0,0.01,0.01,0.0,0.01,0.01,0.0,0.0,0.0,0.0,0.0,41.45,41.52,0.03,41.45,41.52,0.03,0.0,0.02,0.0,0.04,0.04,0.0,0.04,0.04,0.0,0.04,0.04,0.0,0.0,0.0,0.0,0.02,0.02,0.0,0.02,0.02,0.0,0.02,0.0,0.0,0.0,1.0
16,04.08.2020,12:52:20, 230-1 H23o. Nadel Messung I (5Zyklen),Messung I (5Zyklen),9.04,499.7,4.24,4.23,4.27,4.27,35.49,35.5,4.15,1.91,9.0,0.0,0.01,0.01,0.0,0.01,0.01,0.0,0.01,0.01,0.0,0.0,0.0,0.0,0.0,35.2,35.2,0.03,35.2,35.2,0.03,0.0,0.03,0.0,0.04,0.04,0.0,0.04,0.04,0.0,0.04,0.04,0.0,0.0,0.0,0.0,0.03,0.03,0.0,0.03,0.03,0.0,0.03,0.0,0.0,0.0,1.0
17,04.08.2020,12:52:24, 230-1 H23o. Nadel Messung I (5Zyklen),Messung I (5Zyklen),9.04,998.0,8.48,8.46,8.52,8.51,35.42,35.38,4.15,1.91,9.0,0.0,0.01,0.01,0.0,0.01,0.01,0.0,0.01,0.01,0.0,0.0,0.0,0.0,0.0,35.27,35.2,0.03,35.27,35.2,0.03,0.0,0.03,0.0,0.04,0.04,0.0,0.04,0.04,0.0,0.04,0.04,0.0,0.0,0.0,0.0,0.03,0.03,0.0,0.03,0.03,0.0,0.03,0.0,0.0,0.0,1.0
18,04.08.2020,12:52:27, 230-1 H23o. Nadel Messung I (5Zyklen),Messung I (5Zyklen),9.05,1498.0,12.7,12.69,12.74,12.74,35.29,35.28,4.15,1.91,9.0,0.0,0.01,0.01,0.0,0.01,0.01,0.0,0.01,0.01,0.0,0.0,0.0,0.0,0.0,35.19,35.2,0.03,35.19,35.2,0.03,0.0,0.03,0.0,0.04,0.04,0.0,0.04,0.04,0.0,0.04,0.04,0.0,0.0,0.0,0.0,0.03,0.03,0.0,0.03,0.03,0.0,0.03,0.0,0.0,0.0,1.0
19,04.08.2020,12:52:31, 230-1 H23o. Nadel Messung I (5Zyklen),Messung I (5Zyklen),9.05,1998.0,16.91,16.91,16.95,16.96,35.21,35.23,4.15,1.91,9.0,0.0,0.01,0.01,0.0,0.01,0.01,0.0,0.01,0.01,0.0,0.0,0.0,0.0,0.0,35.13,35.2,0.03,35.13,35.2,0.03,0.0,0.03,0.0,0.04,0.04,0.0,0.04,0.04,0.0,0.04,0.04,0.0,0.0,0.0,0.0,0.03,0.03,0.0,0.03,0.03,0.0,0.03,0.0,0.0,0.0,1.0
20,04.08.2020,12:52:34, 230-1 H23o. Nadel Messung I (5Zyklen),Messung I (5Zyklen),12.03,499.7,3.78,3.77,3.82,3.82,31.69,31.72,4.15,2.54,12.0,0.0,0.01,0.01,0.0,0.01,0.01,0.0,0.01,0.01,0.0,0.0,0.0,0.0,0.0,31.39,31.35,0.02,31.39,31.35,0.02,0.0,0.03,0.0,0.03,0.03,0.0,0.03,0.03,0.0,0.03,0.03,0.0,0.0,0.0,0.0,0.03,0.03,0.0,0.03,0.03,0.0,0.03,0.0,0.0,0.0,1.0
21,04.08.2020,12:52:38, 230-1 H23o. Nadel Messung I (5Zyklen),Messung I (5Zyklen),12.03,998.0,7.55,7.55,7.58,7.59,31.53,31.58,4.15,2.54,12.0,0.0,0.01,0.01,0.0,0.01,0.01,0.0,0.01,0.01,0.0,0.0,0.0,0.0,0.0,31.38,31.35,0.02,31.38,31.35,0.02,0.0,0.03,0.0,0.03,0.03,0.0,0.03,0.03,0.0,0.03,0.03,0.0,0.0,0.0,0.0,0.03,0.03,0.0,0.03,0.03,0.0,0.03,0.0,0.0,0.0,1.0
22,04.08.2020,12:52:42, 230-1 H23o. Nadel Messung I (5Zyklen),Messung I (5Zyklen),12.04,1498.0,11.31,11.3,11.34,11.34,31.42,31.43,4.15,2.55,12.0,0.0,0.01,0.01,0.0,0.01,0.01,0.0,0.01,0.01,0.0,0.0,0.0,0.0,0.0,31.32,31.35,0.02,31.32,31.35,0.02,0.0,0.03,0.0,0.03,0.03,0.0,0.03,0.03,0.0,0.03,0.03,0.0,0.0,0.0,0.0,0.03,0.03,0.0,0.03,0.03,0.0,0.03,0.0,0.0,0.0,1.0
23,04.08.2020,12:52:45, 230-1 H23o. Nadel Messung I (5Zyklen),Messung I (5Zyklen),12.04,1998.0,15.07,15.05,15.1,15.09,31.37,31.35,4.15,2.55,12.0,0.0,0.01,0.01,0.0,0.01,0.01,0.0,0.01,0.01,0.0,0.0,0.0,0.0,0.0,31.3,31.35,0.02,31.3,31.35,0.02,0.0,0.03,0.0,0.03,0.03,0.0,0.03,0.03,0.0,0.03,0.03,0.0,0.0,0.0,0.0,0.03,0.03,0.0,0.03,0.03,0.0,0.03,0.0,0.0,0.0,1.0
24,04.08.2020,12:52:48, 230-1 H23o. Nadel Messung I (5Zyklen),Messung I (5Zyklen),15.04,499.7,3.44,3.45,3.48,3.5,28.88,29.03,4.15,3.18,15.0,0.0,0.01,0.01,0.0,0.01,0.01,0.0,0.01,0.01,0.0,0.0,0.0,0.0,0.0,28.59,28.64,0.02,28.59,28.64,0.02,0.0,0.03,0.0,0.03,0.03,0.0,0.03,0.03,0.0,0.03,0.03,0.0,0.0,0.0,0.0,0.03,0.03,0.0,0.03,0.03,0.0,0.03,0.0,0.0,0.0,1.0
25,04.08.2020,12:52:53, 230-1 H23o. Nadel Messung I (5Zyklen),Messung I (5Zyklen),15.04,998.0,6.9,6.89,6.94,6.94,28.84,28.84,4.15,3.18,15.0,0.0,0.01,0.01,0.0,0.01,0.01,0.0,0.01,0.01,0.0,0.0,0.0,0.0,0.0,28.7,28.64,0.02,28.7,28.64,0.02,0.0,0.03,0.0,0.03,0.03,0.0,0.03,0.03,0.0,0.03,0.03,0.0,0.0,0.0,0.0,0.03,0.03,0.0,0.03,0.03,0.0,0.03,0.0,0.0,0.0,1.0
26,04.08.2020,12:52:56, 230-1 H23o. Nadel Messung I (5Zyklen),Messung I (5Zyklen),15.03,1498.0,10.34,10.33,10.37,10.37,28.74,28.74,4.15,3.18,15.0,0.0,0.01,0.01,0.0,0.01,0.01,0.0,0.01,0.01,0.0,0.0,0.0,0.0,0.0,28.64,28.64,0.02,28.64,28.64,0.02,0.0,0.03,0.0,0.03,0.03,0.0,0.03,0.03,0.0,0.03,0.03,0.0,0.0,0.0,0.0,0.03,0.03,0.0,0.03,0.03,0.0,0.03,0.0,0.0,0.0,1.0
27,04.08.2020,12:52:59, 230-1 H23o. Nadel Messung I (5Zyklen),Messung I (5Zyklen),15.03,1998.0,13.78,13.77,13.81,13.81,28.69,28.69,4.15,3.18,15.0,0.0,0.01,0.01,0.0,0.01,0.01,0.0,0.01,0.01,0.0,0.0,0.0,0.0,0.0,28.62,28.64,0.02,28.62,28.64,0.02,0.0,0.03,0.0,0.03,0.03,0.0,0.03,0.03,0.0,0.03,0.03,0.0,0.0,0.0,0.0,0.03,0.03,0.0,0.03,0.03,0.0,0.03,0.0,0.0,0.0,1.0
28,04.08.2020,12:53:02, 230-1 H23o. Nadel Messung I (5Zyklen),Messung I (5Zyklen),19.99,499.7,3.08,3.09,3.12,3.13,25.91,26.0,4.15,4.23,20.0,0.0,0.01,0.01,0.0,0.01,0.01,0.0,0.01,0.01,0.0,0.0,0.0,0.0,0.0,25.61,25.64,0.02,25.61,25.64,0.02,0.0,0.04,0.0,0.03,0.03,0.0,0.03,0.03,0.0,0.03,0.03,0.0,0.0,0.0,0.0,0.04,0.04,0.0,0.04,0.04,0.0,0.04,0.0,0.0,0.0,1.0
29,04.08.2020,12:53:07, 230-1 H23o. Nadel Messung I (5Zyklen),Messung I (5Zyklen),19.97,998.0,6.18,6.17,6.22,6.21,25.85,25.83,4.15,4.22,20.0,0.0,0.01,0.01,0.0,0.01,0.01,0.0,0.01,0.01,0.0,0.0,0.0,0.0,0.0,25.7,25.64,0.02,25.7,25.64,0.02,0.0,0.04,0.0,0.03,0.03,0.0,0.03,0.03,0.0,0.03,0.03,0.0,0.0,0.0,0.0,0.04,0.04,0.0,0.04,0.04,0.0,0.04,0.0,0.0,0.0,1.0
30,04.08.2020,12:53:10, 230-1 H23o. Nadel Messung I (5Zyklen),Messung I (5Zyklen),20.01,1498.0,9.25,9.25,9.29,9.29,25.74,25.75,4.15,4.23,20.0,0.0,0.01,0.01,0.0,0.01,0.01,0.0,0.01,0.01,0.0,0.0,0.0,0.0,0.0,25.64,25.64,0.02,25.64,25.64,0.02,0.0,0.04,0.0,0.03,0.03,0.0,0.03,0.03,0.0,0.03,0.03,0.0,0.0,0.0,0.0,0.04,0.04,0.0,0.04,0.04,0.0,0.04,0.0,0.0,0.0,1.0
31,04.08.2020,12:53:13, 230-1 H23o. Nadel Messung I (5Zyklen),Messung I (5Zyklen),20.03,1998.0,12.32,12.32,12.36,12.37,25.67,25.69,4.15,4.24,20.0,0.0,0.01,0.01,0.0,0.01,0.01,0.0,0.01,0.01,0.0,0.0,0.0,0.0,0.0,25.6,25.64,0.02,25.6,25.64,0.02,0.0,0.04,0.0,0.03,0.03,0.0,0.03,0.03,0.0,0.03,0.03,0.0,0.0,0.0,0.0,0.04,0.04,0.0,0.04,0.04,0.0,0.04,0.0,0.0,0.0,1.0
32,04.08.2020,12:53:23, 230-1 H23o. Nadel Messung I (5Zyklen),Messung I (5Zyklen),1.07,499.7,10.55,10.53,10.58,10.58,87.88,87.85,4.15,0.23,1.0,0.0,0.02,0.02,0.0,0.01,0.01,0.0,0.02,0.02,0.0,0.0,-0.0,-0.0,0.0,87.58,87.07,0.21,46.08,45.57,0.21,0.0,0.01,0.0,0.09,0.09,0.0,0.05,0.05,0.0,0.09,0.09,0.0,-0.02,-0.02,0.0,0.01,0.01,0.0,0.02,0.01,0.0,0.01,0.0,0.0,0.01,2.0
33,04.08.2020,12:53:27, 230-1 H23o. Nadel Messung I (5Zyklen),Messung I (5Zyklen),1.06,998.0,20.97,20.96,21.0,21.01,87.34,87.35,4.15,0.23,1.0,0.0,0.02,0.02,0.0,0.01,0.01,0.0,0.02,0.02,0.0,0.0,-0.0,-0.0,0.0,87.19,87.07,0.21,45.69,45.57,0.21,0.0,0.01,0.0,0.09,0.09,0.0,0.05,0.05,0.0,0.09,0.09,0.0,-0.02,-0.02,0.0,0.01,0.01,0.0,0.02,0.01,0.0,0.01,0.0,0.0,0.01,2.0
34,04.08.2020,12:53:31, 230-1 H23o. Nadel Messung I (5Zyklen),Messung I (5Zyklen),1.07,1498.0,31.35,31.34,31.39,31.39,86.95,86.96,4.15,0.23,1.0,0.0,0.02,0.02,0.0,0.01,0.01,0.0,0.02,0.02,0.0,0.0,-0.0,-0.0,0.0,86.85,87.07,0.21,45.35,45.57,0.21,0.0,0.01,0.0,0.09,0.09,0.0,0.05,0.05,0.0,0.09,0.09,0.0,-0.02,-0.02,0.0,0.01,0.01,0.0,0.02,0.01,0.0,0.01,0.0,0.0,0.01,2.0
35,04.08.2020,12:53:34, 230-1 H23o. Nadel Messung I (5Zyklen),Messung I (5Zyklen),1.07,1998.0,41.71,41.71,41.75,41.76,86.72,86.74,4.15,0.23,1.0,0.0,0.02,0.02,0.0,0.01,0.01,0.0,0.02,0.02,0.0,0.0,-0.0,-0.0,0.0,86.64,87.07,0.21,45.14,45.57,0.21,0.0,0.01,0.0,0.09,0.09,0.0,0.05,0.05,0.0,0.09,0.09,0.0,-0.02,-0.02,0.0,0.01,0.01,0.0,0.02,0.01,0.0,0.01,0.0,0.0,0.01,2.0
36,04.08.2020,12:53:37, 230-1 H23o. Nadel Messung I (5Zyklen),Messung I (5Zyklen),2.01,499.7,7.79,7.78,7.83,7.83,65.0,64.99,4.15,0.43,2.0,0.0,0.02,0.02,0.0,0.01,0.01,0.0,0.02,0.02,0.0,0.0,-0.0,-0.0,0.0,64.71,64.53,0.09,50.87,50.7,0.09,0.0,0.02,0.0,0.06,0.06,0.0,0.05,0.05,0.0,0.06,0.06,0.0,-0.01,-0.01,0.0,0.02,0.02,0.0,0.02,0.02,0.0,0.02,0.0,0.0,0.0,2.0
37,04.08.2020,12:53:42, 230-1 H23o. Nadel Messung I (5Zyklen),Messung I (5Zyklen),2.03,998.0,15.54,15.53,15.58,15.58,64.79,64.78,4.15,0.43,2.0,0.0,0.02,0.02,0.0,0.01,0.01,0.0,0.02,0.02,0.0,0.0,-0.0,-0.0,0.0,64.64,64.53,0.09,50.81,50.7,0.09,0.0,0.02,0.0,0.06,0.06,0.0,0.05,0.05,0.0,0.06,0.06,0.0,-0.01,-0.01,0.0,0.02,0.02,0.0,0.02,0.02,0.0,0.02,0.0,0.0,0.0,2.0
38,04.08.2020,12:53:45, 230-1 H23o. Nadel Messung I (5Zyklen),Messung I (5Zyklen),2.03,1498.0,23.26,23.26,23.3,23.31,64.55,64.57,4.15,0.43,2.0,0.0,0.02,0.02,0.0,0.01,0.01,0.0,0.02,0.02,0.0,0.0,-0.0,-0.0,0.0,64.45,64.53,0.09,50.62,50.7,0.09,0.0,0.02,0.0,0.06,0.06,0.0,0.05,0.05,0.0,0.06,0.06,0.0,-0.01,-0.01,0.0,0.02,0.02,0.0,0.02,0.02,0.0,0.02,0.0,0.0,0.0,2.0
39,04.08.2020,12:53:48, 230-1 H23o. Nadel Messung I (5Zyklen),Messung I (5Zyklen),2.03,1998.0,30.97,30.97,31.01,31.02,64.4,64.42,4.15,0.43,2.0,0.0,0.02,0.02,0.0,0.01,0.01,0.0,0.02,0.02,0.0,0.0,-0.0,-0.0,0.0,64.33,64.53,0.09,50.49,50.7,0.09,0.0,0.02,0.0,0.06,0.06,0.0,0.05,0.05,0.0,0.06,0.06,0.0,-0.01,-0.01,0.0,0.02,0.02,0.0,0.02,0.02,0.0,0.02,0.0,0.0,0.0,2.0
40,04.08.2020,12:53:51, 230-1 H23o. Nadel Messung I (5Zyklen),Messung I (5Zyklen),3.05,499.7,6.6,6.58,6.63,6.63,55.07,55.03,4.15,0.64,3.0,0.0,0.01,0.01,0.0,0.01,0.01,0.0,0.01,0.01,0.0,0.0,0.0,0.0,0.0,54.77,54.76,0.03,54.77,54.76,0.03,0.0,0.02,0.0,0.05,0.05,0.0,0.05,0.05,0.0,0.05,0.05,0.0,0.0,0.0,0.0,0.02,0.02,0.0,0.02,0.02,0.0,0.02,0.0,0.0,0.0,2.0
41,04.08.2020,12:53:56, 230-1 H23o. Nadel Messung I (5Zyklen),Messung I (5Zyklen),3.06,998.0,13.19,13.17,13.23,13.22,55.0,54.96,4.15,0.65,3.0,0.0,0.01,0.01,0.0,0.01,0.01,0.0,0.01,0.01,0.0,0.0,0.0,0.0,0.0,54.85,54.76,0.03,54.85,54.76,0.03,0.0,0.02,0.0,0.05,0.05,0.0,0.05,0.05,0.0,0.05,0.05,0.0,0.0,0.0,0.0,0.02,0.02,0.0,0.02,0.02,0.0,0.02,0.0,0.0,0.0,2.0
42,04.08.2020,12:53:59, 230-1 H23o. Nadel Messung I (5Zyklen),Messung I (5Zyklen),3.06,1498.0,19.75,19.74,19.79,19.78,54.82,54.81,4.15,0.65,3.0,0.0,0.01,0.01,0.0,0.01,0.01,0.0,0.01,0.01,0.0,0.0,0.0,0.0,0.0,54.73,54.76,0.03,54.73,54.76,0.03,0.0,0.02,0.0,0.05,0.05,0.0,0.05,0.05,0.0,0.05,0.05,0.0,0.0,0.0,0.0,0.02,0.02,0.0,0.02,0.02,0.0,0.02,0.0,0.0,0.0,2.0
43,04.08.2020,12:54:02, 230-1 H23o. Nadel Messung I (5Zyklen),Messung I (5Zyklen),3.06,1997.0,26.32,26.31,26.36,26.35,54.77,54.76,4.15,0.65,3.0,0.0,0.01,0.01,0.0,0.01,0.01,0.0,0.01,0.01,0.0,0.0,0.0,0.0,0.0,54.69,54.76,0.03,54.69,54.76,0.03,0.0,0.02,0.0,0.05,0.05,0.0,0.05,0.05,0.0,0.05,0.05,0.0,0.0,0.0,0.0,0.02,0.02,0.0,0.02,0.02,0.0,0.02,0.0,0.0,0.0,2.0
44,04.08.2020,12:54:06, 230-1 H23o. Nadel Messung I (5Zyklen),Messung I (5Zyklen),6.05,499.7,5.11,5.12,5.14,5.16,42.73,42.87,4.15,1.28,6.0,0.0,0.01,0.01,0.0,0.01,0.01,0.0,0.01,0.01,0.0,0.0,0.0,0.0,0.0,42.43,42.41,0.03,42.43,42.41,0.03,0.0,0.02,0.0,0.04,0.04,0.0,0.04,0.04,0.0,0.04,0.04,0.0,0.0,0.0,0.0,0.02,0.02,0.0,0.02,0.02,0.0,0.02,0.0,0.0,0.0,2.0
45,04.08.2020,12:54:10, 230-1 H23o. Nadel Messung I (5Zyklen),Messung I (5Zyklen),6.05,998.0,10.21,10.21,10.25,10.25,42.62,42.63,4.15,1.28,6.0,0.0,0.01,0.01,0.0,0.01,0.01,0.0,0.01,0.01,0.0,0.0,0.0,0.0,0.0,42.48,42.41,0.03,42.48,42.41,0.03,0.0,0.02,0.0,0.04,0.04,0.0,0.04,0.04,0.0,0.04,0.04,0.0,0.0,0.0,0.0,0.02,0.02,0.0,0.02,0.02,0.0,0.02,0.0,0.0,0.0,2.0
46,04.08.2020,12:54:13, 230-1 H23o. Nadel Messung I (5Zyklen),Messung I (5Zyklen),6.06,1498.0,15.31,15.3,15.34,15.34,42.5,42.5,4.15,1.28,6.0,0.0,0.01,0.01,0.0,0.01,0.01,0.0,0.01,0.01,0.0,0.0,0.0,0.0,0.0,42.4,42.41,0.03,42.4,42.41,0.03,0.0,0.02,0.0,0.04,0.04,0.0,0.04,0.04,0.0,0.04,0.04,0.0,0.0,0.0,0.0,0.02,0.02,0.0,0.02,0.02,0.0,0.02,0.0,0.0,0.0,2.0
47,04.08.2020,12:54:17, 230-1 H23o. Nadel Messung I (5Zyklen),Messung I (5Zyklen),6.05,1998.0,20.39,20.37,20.42,20.42,42.42,42.41,4.15,1.28,6.0,0.0,0.01,0.01,0.0,0.01,0.01,0.0,0.01,0.01,0.0,0.0,0.0,0.0,0.0,42.35,42.41,0.03,42.35,42.41,0.03,0.0,0.02,0.0,0.04,0.04,0.0,0.04,0.04,0.0,0.04,0.04,0.0,0.0,0.0,0.0,0.02,0.02,0.0,0.02,0.02,0.0,0.02,0.0,0.0,0.0,2.0
48,04.08.2020,12:54:20, 230-1 H23o. Nadel Messung I (5Zyklen),Messung I (5Zyklen),9.05,499.7,4.34,4.33,4.38,4.38,36.35,36.37,4.15,1.91,9.0,0.0,0.01,0.01,0.0,0.01,0.01,0.0,0.01,0.01,0.0,0.0,0.0,0.0,0.0,36.06,36.01,0.02,36.06,36.01,0.02,0.0,0.03,0.0,0.04,0.04,0.0,0.04,0.04,0.0,0.04,0.04,0.0,0.0,0.0,0.0,0.03,0.03,0.0,0.03,0.03,0.0,0.03,0.0,0.0,0.0,2.0
49,04.08.2020,12:54:24, 230-1 H23o. Nadel Messung I (5Zyklen),Messung I (5Zyklen),9.04,998.0,8.67,8.67,8.7,8.72,36.19,36.25,4.15,1.91,9.0,0.0,0.01,0.01,0.0,0.01,0.01,0.0,0.01,0.01,0.0,0.0,0.0,0.0,0.0,36.04,36.01,0.02,36.04,36.01,0.02,0.0,0.03,0.0,0.04,0.04,0.0,0.04,0.04,0.0,0.04,0.04,0.0,0.0,0.0,0.0,0.03,0.03,0.0,0.03,0.03,0.0,0.03,0.0,0.0,0.0,2.0
50,04.08.2020,12:54:28, 230-1 H23o. Nadel Messung I (5Zyklen),Messung I (5Zyklen),9.05,1498.0,12.99,12.99,13.02,13.03,36.07,36.11,4.15,1.91,9.0,0.0,0.01,0.01,0.0,0.01,0.01,0.0,0.01,0.01,0.0,0.0,0.0,0.0,0.0,35.97,36.01,0.02,35.97,36.01,0.02,0.0,0.03,0.0,0.04,0.04,0.0,0.04,0.04,0.0,0.04,0.04,0.0,0.0,0.0,0.0,0.03,0.03,0.0,0.03,0.03,0.0,0.03,0.0,0.0,0.0,2.0
51,04.08.2020,12:54:31, 230-1 H23o. Nadel Messung I (5Zyklen),Messung I (5Zyklen),9.05,1998.0,17.31,17.3,17.35,17.35,36.03,36.03,4.15,1.91,9.0,0.0,0.01,0.01,0.0,0.01,0.01,0.0,0.01,0.01,0.0,0.0,0.0,0.0,0.0,35.96,36.01,0.02,35.96,36.01,0.02,0.0,0.03,0.0,0.04,0.04,0.0,0.04,0.04,0.0,0.04,0.04,0.0,0.0,0.0,0.0,0.03,0.03,0.0,0.03,0.03,0.0,0.03,0.0,0.0,0.0,2.0
52,04.08.2020,12:54:34, 230-1 H23o. Nadel Messung I (5Zyklen),Messung I (5Zyklen),12.02,499.7,3.87,3.85,3.9,3.89,32.41,32.33,4.15,2.54,12.0,0.0,0.01,0.01,0.0,0.01,0.01,0.0,0.01,0.01,0.0,0.0,0.0,0.0,0.0,32.11,32.08,0.02,32.11,32.08,0.02,0.0,0.03,0.0,0.03,0.03,0.0,0.03,0.03,0.0,0.03,0.03,0.0,0.0,0.0,0.0,0.03,0.03,0.0,0.03,0.03,0.0,0.03,0.0,0.0,0.0,2.0
53,04.08.2020,12:54:39, 230-1 H23o. Nadel Messung I (5Zyklen),Messung I (5Zyklen),12.03,998.0,7.73,7.71,7.76,7.76,32.27,32.27,4.15,2.54,12.0,0.0,0.01,0.01,0.0,0.01,0.01,0.0,0.01,0.01,0.0,0.0,0.0,0.0,0.0,32.13,32.08,0.02,32.13,32.08,0.02,0.0,0.03,0.0,0.03,0.03,0.0,0.03,0.03,0.0,0.03,0.03,0.0,0.0,0.0,0.0,0.03,0.03,0.0,0.03,0.03,0.0,0.03,0.0,0.0,0.0,2.0
54,04.08.2020,12:54:42, 230-1 H23o. Nadel Messung I (5Zyklen),Messung I (5Zyklen),12.04,1498.0,11.57,11.57,11.6,11.61,32.15,32.17,4.15,2.55,12.0,0.0,0.01,0.01,0.0,0.01,0.01,0.0,0.01,0.01,0.0,0.0,0.0,0.0,0.0,32.05,32.08,0.02,32.05,32.08,0.02,0.0,0.03,0.0,0.03,0.03,0.0,0.03,0.03,0.0,0.03,0.03,0.0,0.0,0.0,0.0,0.03,0.03,0.0,0.03,0.03,0.0,0.03,0.0,0.0,0.0,2.0
55,04.08.2020,12:54:45, 230-1 H23o. Nadel Messung I (5Zyklen),Messung I (5Zyklen),12.04,1997.0,15.42,15.42,15.45,15.46,32.11,32.14,4.15,2.55,12.0,0.0,0.01,0.01,0.0,0.01,0.01,0.0,0.01,0.01,0.0,0.0,0.0,0.0,0.0,32.04,32.08,0.02,32.04,32.08,0.02,0.0,0.03,0.0,0.03,0.03,0.0,0.03,0.03,0.0,0.03,0.03,0.0,0.0,0.0,0.0,0.03,0.03,0.0,0.03,0.03,0.0,0.03,0.0,0.0,0.0,2.0
56,04.08.2020,12:54:48, 230-1 H23o. Nadel Messung I (5Zyklen),Messung I (5Zyklen),15.04,499.7,3.54,3.52,3.57,3.56,29.67,29.59,4.15,3.18,15.0,0.0,0.01,0.01,0.0,0.01,0.01,0.0,0.01,0.01,0.0,0.0,0.0,0.0,0.0,29.37,29.35,0.01,29.37,29.35,0.01,0.0,0.03,0.0,0.03,0.03,0.0,0.03,0.03,0.0,0.03,0.03,0.0,0.0,0.0,0.0,0.03,0.03,0.0,0.03,0.03,0.0,0.03,0.0,0.0,0.0,2.0
57,04.08.2020,12:54:53, 230-1 H23o. Nadel Messung I (5Zyklen),Messung I (5Zyklen),15.04,998.0,7.06,7.06,7.1,7.11,29.52,29.56,4.15,3.18,15.0,0.0,0.01,0.01,0.0,0.01,0.01,0.0,0.01,0.01,0.0,0.0,0.0,0.0,0.0,29.37,29.35,0.01,29.37,29.35,0.01,0.0,0.03,0.0,0.03,0.03,0.0,0.03,0.03,0.0,0.03,0.03,0.0,0.0,0.0,0.0,0.03,0.03,0.0,0.03,0.03,0.0,0.03,0.0,0.0,0.0,2.0
58,04.08.2020,12:54:56, 230-1 H23o. Nadel Messung I (5Zyklen),Messung I (5Zyklen),15.04,1498.0,10.59,10.59,10.62,10.63,29.43,29.45,4.15,3.18,15.0,0.0,0.01,0.01,0.0,0.01,0.01,0.0,0.01,0.01,0.0,0.0,0.0,0.0,0.0,29.33,29.35,0.01,29.33,29.35,0.01,0.0,0.03,0.0,0.03,0.03,0.0,0.03,0.03,0.0,0.03,0.03,0.0,0.0,0.0,0.0,0.03,0.03,0.0,0.03,0.03,0.0,0.03,0.0,0.0,0.0,2.0
59,04.08.2020,12:54:59, 230-1 H23o. Nadel Messung I (5Zyklen),Messung I (5Zyklen),15.03,1998.0,14.12,14.1,14.16,14.14,29.4,29.38,4.15,3.18,15.0,0.0,0.01,0.01,0.0,0.01,0.01,0.0,0.01,0.01,0.0,0.0,0.0,0.0,0.0,29.33,29.35,0.01,29.33,29.35,0.01,0.0,0.03,0.0,0.03,0.03,0.0,0.03,0.03,0.0,0.03,0.03,0.0,0.0,0.0,0.0,0.03,0.03,0.0,0.03,0.03,0.0,0.03,0.0,0.0,0.0,2.0
60,04.08.2020,12:55:03, 230-1 H23o. Nadel Messung I (5Zyklen),Messung I (5Zyklen),20.04,499.7,3.16,3.15,3.2,3.19,26.56,26.51,4.15,4.24,20.0,0.0,0.01,0.01,0.0,0.01,0.01,0.0,0.01,0.01,0.0,0.0,0.0,0.0,0.0,26.27,26.27,0.02,26.27,26.27,0.02,0.0,0.04,0.0,0.03,0.03,0.0,0.03,0.03,0.0,0.03,0.03,0.0,0.0,0.0,0.0,0.04,0.04,0.0,0.04,0.04,0.0,0.04,0.0,0.0,0.0,2.0
61,04.08.2020,12:55:07, 230-1 H23o. Nadel Messung I (5Zyklen),Messung I (5Zyklen),20.03,998.0,6.33,6.3,6.36,6.35,26.46,26.41,4.15,4.23,20.0,0.0,0.01,0.01,0.0,0.01,0.01,0.0,0.01,0.01,0.0,0.0,0.0,0.0,0.0,26.31,26.27,0.02,26.31,26.27,0.02,0.0,0.04,0.0,0.03,0.03,0.0,0.03,0.03,0.0,0.03,0.03,0.0,0.0,0.0,0.0,0.04,0.04,0.0,0.04,0.04,0.0,0.04,0.0,0.0,0.0,2.0
62,04.08.2020,12:55:10, 230-1 H23o. Nadel Messung I (5Zyklen),Messung I (5Zyklen),20.02,1498.0,9.48,9.46,9.51,9.5,26.35,26.32,4.15,4.23,20.0,0.0,0.01,0.01,0.0,0.01,0.01,0.0,0.01,0.01,0.0,0.0,0.0,0.0,0.0,26.25,26.27,0.02,26.25,26.27,0.02,0.0,0.04,0.0,0.03,0.03,0.0,0.03,0.03,0.0,0.03,0.03,0.0,0.0,0.0,0.0,0.04,0.04,0.0,0.04,0.04,0.0,0.04,0.0,0.0,0.0,2.0
63,04.08.2020,12:55:14, 230-1 H23o. Nadel Messung I (5Zyklen),Messung I (5Zyklen),20.02,1997.0,12.62,12.6,12.66,12.65,26.31,26.28,4.15,4.23,20.0,0.0,0.01,0.01,0.0,0.01,0.01,0.0,0.01,0.01,0.0,0.0,0.0,0.0,0.0,26.23,26.27,0.02,26.23,26.27,0.02,0.0,0.04,0.0,0.03,0.03,0.0,0.03,0.03,0.0,0.03,0.03,0.0,0.0,0.0,0.0,0.04,0.04,0.0,0.04,0.04,0.0,0.04,0.0,0.0,0.0,2.0
64,04.08.2020,12:55:24, 230-1 H23o. Nadel Messung I (5Zyklen),Messung I (5Zyklen),1.07,499.7,10.8,10.79,10.84,10.84,90.0,90.0,4.15,0.23,1.0,0.0,0.02,0.02,0.0,0.01,0.01,0.0,0.02,0.02,0.0,0.0,-0.0,-0.0,0.0,89.7,89.27,0.18,48.2,47.77,0.18,0.0,0.01,0.0,0.09,0.09,0.0,0.05,0.05,0.0,0.09,0.09,0.0,-0.02,-0.02,0.0,0.01,0.01,0.0,0.02,0.01,0.0,0.01,0.0,0.0,0.01,3.0
65,04.08.2020,12:55:28, 230-1 H23o. Nadel Messung I (5Zyklen),Messung I (5Zyklen),1.07,998.0,21.5,21.5,21.54,21.54,89.57,89.59,4.15,0.23,1.0,0.0,0.02,0.02,0.0,0.01,0.01,0.0,0.02,0.02,0.0,0.0,-0.0,-0.0,0.0,89.42,89.27,0.18,47.92,47.77,0.18,0.0,0.01,0.0,0.09,0.09,0.0,0.05,0.05,0.0,0.09,0.09,0.0,-0.02,-0.02,0.0,0.01,0.01,0.0,0.02,0.01,0.0,0.01,0.0,0.0,0.01,3.0
66,04.08.2020,12:55:32, 230-1 H23o. Nadel Messung I (5Zyklen),Messung I (5Zyklen),1.07,1498.0,32.15,32.15,32.18,32.2,89.16,89.2,4.15,0.23,1.0,0.0,0.02,0.02,0.0,0.01,0.01,0.0,0.02,0.02,0.0,0.0,-0.0,-0.0,0.0,89.06,89.27,0.18,47.56,47.77,0.18,0.0,0.01,0.0,0.09,0.09,0.0,0.05,0.05,0.0,0.09,0.09,0.0,-0.02,-0.02,0.0,0.01,0.01,0.0,0.02,0.01,0.0,0.01,0.0,0.0,0.01,3.0
67,04.08.2020,12:55:35, 230-1 H23o. Nadel Messung I (5Zyklen),Messung I (5Zyklen),1.07,1997.0,42.78,42.78,42.82,42.82,88.98,88.99,4.15,0.23,1.0,0.0,0.02,0.02,0.0,0.01,0.01,0.0,0.02,0.02,0.0,0.0,-0.0,-0.0,0.0,88.91,89.27,0.18,47.41,47.77,0.18,0.0,0.01,0.0,0.09,0.09,0.0,0.05,0.05,0.0,0.09,0.09,0.0,-0.02,-0.02,0.0,0.01,0.01,0.0,0.02,0.01,0.0,0.01,0.0,0.0,0.01,3.0
68,04.08.2020,12:55:38, 230-1 H23o. Nadel Messung I (5Zyklen),Messung I (5Zyklen),1.99,499.7,8.04,8.04,8.08,8.08,67.1,67.14,4.15,0.42,2.0,0.0,0.02,0.02,0.0,0.02,0.02,0.0,0.02,0.02,0.0,0.0,0.0,0.0,0.0,66.81,66.7,0.07,66.81,66.7,0.07,0.0,0.01,0.0,0.07,0.07,0.0,0.07,0.07,0.0,0.07,0.07,0.0,0.0,0.0,0.0,0.01,0.01,0.0,0.01,0.01,0.0,0.01,0.0,0.0,0.0,3.0
69,04.08.2020,12:55:43, 230-1 H23o. Nadel Messung I (5Zyklen),Messung I (5Zyklen),2.0,998.0,16.07,16.06,16.11,16.1,66.98,66.96,4.15,0.42,2.0,0.0,0.02,0.02,0.0,0.02,0.02,0.0,0.02,0.02,0.0,0.0,0.0,0.0,0.0,66.83,66.7,0.07,66.83,66.7,0.07,0.0,0.01,0.0,0.07,0.07,0.0,0.07,0.07,0.0,0.07,0.07,0.0,0.0,0.0,0.0,0.01,0.01,0.0,0.01,0.01,0.0,0.01,0.0,0.0,0.0,3.0
70,04.08.2020,12:55:46, 230-1 H23o. Nadel Messung I (5Zyklen),Messung I (5Zyklen),2.0,1498.0,24.05,24.04,24.09,24.08,66.72,66.71,4.15,0.42,2.0,0.0,0.02,0.02,0.0,0.02,0.02,0.0,0.02,0.02,0.0,0.0,0.0,0.0,0.0,66.63,66.7,0.07,66.63,66.7,0.07,0.0,0.01,0.0,0.07,0.07,0.0,0.07,0.07,0.0,0.07,0.07,0.0,0.0,0.0,0.0,0.02,0.01,0.0,0.02,0.01,0.0,0.02,0.0,0.0,0.0,3.0
71,04.08.2020,12:55:49, 230-1 H23o. Nadel Messung I (5Zyklen),Messung I (5Zyklen),2.01,1997.0,32.02,32.02,32.06,32.06,66.62,66.63,4.15,0.42,2.0,0.0,0.02,0.02,0.0,0.02,0.02,0.0,0.02,0.02,0.0,0.0,0.0,0.0,0.0,66.55,66.7,0.07,66.55,66.7,0.07,0.0,0.01,0.0,0.07,0.07,0.0,0.07,0.07,0.0,0.07,0.07,0.0,0.0,0.0,0.0,0.02,0.01,0.0,0.02,0.01,0.0,0.02,0.0,0.0,0.0,3.0
72,04.08.2020,12:55:52, 230-1 H23o. Nadel Messung I (5Zyklen),Messung I (5Zyklen),3.04,499.7,6.83,6.82,6.86,6.86,56.98,57.0,4.15,0.64,3.0,0.0,0.01,0.01,0.0,0.01,0.01,0.0,0.01,0.01,0.0,0.0,0.0,0.0,0.0,56.69,56.65,0.04,56.69,56.65,0.04,0.0,0.02,0.0,0.06,0.06,0.0,0.06,0.06,0.0,0.06,0.06,0.0,0.0,0.0,0.0,0.02,0.02,0.0,0.02,0.02,0.0,0.02,0.0,0.0,0.0,3.0
73,04.08.2020,12:55:57, 230-1 H23o. Nadel Messung I (5Zyklen),Messung I (5Zyklen),3.05,998.0,13.65,13.63,13.68,13.68,56.9,56.88,4.15,0.64,3.0,0.0,0.01,0.01,0.0,0.01,0.01,0.0,0.01,0.01,0.0,0.0,0.0,0.0,0.0,56.75,56.65,0.04,56.75,56.65,0.04,0.0,0.02,0.0,0.06,0.06,0.0,0.06,0.06,0.0,0.06,0.06,0.0,0.0,0.0,0.0,0.02,0.02,0.0,0.02,0.02,0.0,0.02,0.0,0.0,0.0,3.0
74,04.08.2020,12:56:00, 230-1 H23o. Nadel Messung I (5Zyklen),Messung I (5Zyklen),3.05,1498.0,20.43,20.43,20.47,20.48,56.71,56.73,4.15,0.65,3.0,0.0,0.01,0.01,0.0,0.01,0.01,0.0,0.01,0.01,0.0,0.0,0.0,0.0,0.0,56.61,56.65,0.04,56.61,56.65,0.04,0.0,0.02,0.0,0.06,0.06,0.0,0.06,0.06,0.0,0.06,0.06,0.0,0.0,0.0,0.0,0.02,0.02,0.0,0.02,0.02,0.0,0.02,0.0,0.0,0.0,3.0
75,04.08.2020,12:56:03, 230-1 H23o. Nadel Messung I (5Zyklen),Messung I (5Zyklen),3.05,1997.0,27.22,27.22,27.25,27.27,56.63,56.66,4.15,0.65,3.0,0.0,0.01,0.01,0.0,0.01,0.01,0.0,0.01,0.01,0.0,0.0,0.0,0.0,0.0,56.56,56.65,0.04,56.56,56.65,0.04,0.0,0.02,0.0,0.06,0.06,0.0,0.06,0.06,0.0,0.06,0.06,0.0,0.0,0.0,0.0,0.02,0.02,0.0,0.02,0.02,0.0,0.02,0.0,0.0,0.0,3.0
76,04.08.2020,12:56:07, 230-1 H23o. Nadel Messung I (5Zyklen),Messung I (5Zyklen),6.05,499.7,5.31,5.29,5.34,5.34,44.37,44.35,4.15,1.28,6.0,0.0,0.01,0.01,0.0,0.01,0.01,0.0,0.01,0.01,0.0,0.0,0.0,0.0,0.0,44.08,44.04,0.03,44.08,44.04,0.03,0.0,0.02,0.0,0.04,0.04,0.0,0.04,0.04,0.0,0.04,0.04,0.0,0.0,0.0,0.0,0.02,0.02,0.0,0.02,0.02,0.0,0.02,0.0,0.0,0.0,3.0
77,04.08.2020,12:56:11, 230-1 H23o. Nadel Messung I (5Zyklen),Messung I (5Zyklen),6.05,998.0,10.61,10.59,10.64,10.63,44.25,44.22,4.15,1.28,6.0,0.0,0.01,0.01,0.0,0.01,0.01,0.0,0.01,0.01,0.0,0.0,0.0,0.0,0.0,44.1,44.04,0.03,44.1,44.04,0.03,0.0,0.02,0.0,0.04,0.04,0.0,0.04,0.04,0.0,0.04,0.04,0.0,0.0,0.0,0.0,0.02,0.02,0.0,0.02,0.02,0.0,0.02,0.0,0.0,0.0,3.0
78,04.08.2020,12:56:14, 230-1 H23o. Nadel Messung I (5Zyklen),Messung I (5Zyklen),6.04,1498.0,15.89,15.88,15.92,15.93,44.11,44.13,4.15,1.28,6.0,0.0,0.01,0.01,0.0,0.01,0.01,0.0,0.01,0.01,0.0,0.0,0.0,0.0,0.0,44.01,44.04,0.03,44.01,44.04,0.03,0.0,0.02,0.0,0.04,0.04,0.0,0.04,0.04,0.0,0.04,0.04,0.0,0.0,0.0,0.0,0.02,0.02,0.0,0.02,0.02,0.0,0.02,0.0,0.0,0.0,3.0
79,04.08.2020,12:56:18, 230-1 H23o. Nadel Messung I (5Zyklen),Messung I (5Zyklen),6.04,1997.0,21.17,21.15,21.2,21.2,44.06,44.05,4.15,1.28,6.0,0.0,0.01,0.01,0.0,0.01,0.01,0.0,0.01,0.01,0.0,0.0,0.0,0.0,0.0,43.98,44.04,0.03,43.98,44.04,0.03,0.0,0.02,0.0,0.04,0.04,0.0,0.04,0.04,0.0,0.04,0.04,0.0,0.0,0.0,0.0,0.02,0.02,0.0,0.02,0.02,0.0,0.02,0.0,0.0,0.0,3.0
80,04.08.2020,12:56:21, 230-1 H23o. Nadel Messung I (5Zyklen),Messung I (5Zyklen),9.04,499.7,4.53,4.51,4.56,4.56,37.9,37.85,4.15,1.91,9.0,0.0,0.01,0.01,0.0,0.01,0.01,0.0,0.01,0.01,0.0,0.0,0.0,0.0,0.0,37.6,37.56,0.03,37.6,37.56,0.03,0.0,0.03,0.0,0.04,0.04,0.0,0.04,0.04,0.0,0.04,0.04,0.0,0.0,0.0,0.0,0.03,0.03,0.0,0.03,0.03,0.0,0.03,0.0,0.0,0.0,3.0
81,04.08.2020,12:56:25, 230-1 H23o. Nadel Messung I (5Zyklen),Messung I (5Zyklen),9.03,998.0,9.05,9.03,9.08,9.08,37.77,37.75,4.15,1.91,9.0,0.0,0.01,0.01,0.0,0.01,0.01,0.0,0.01,0.01,0.0,0.0,0.0,0.0,0.0,37.62,37.56,0.03,37.62,37.56,0.03,0.0,0.03,0.0,0.04,0.04,0.0,0.04,0.04,0.0,0.04,0.04,0.0,0.0,0.0,0.0,0.03,0.03,0.0,0.03,0.03,0.0,0.03,0.0,0.0,0.0,3.0
82,04.08.2020,12:56:29, 230-1 H23o. Nadel Messung I (5Zyklen),Messung I (5Zyklen),9.04,1498.0,13.55,13.54,13.58,13.59,37.63,37.64,4.15,1.91,9.0,0.0,0.01,0.01,0.0,0.01,0.01,0.0,0.01,0.01,0.0,0.0,0.0,0.0,0.0,37.53,37.56,0.03,37.53,37.56,0.03,0.0,0.03,0.0,0.04,0.04,0.0,0.04,0.04,0.0,0.04,0.04,0.0,0.0,0.0,0.0,0.03,0.03,0.0,0.03,0.03,0.0,0.03,0.0,0.0,0.0,3.0
83,04.08.2020,12:56:32, 230-1 H23o. Nadel Messung I (5Zyklen),Messung I (5Zyklen),9.05,1997.0,18.04,18.04,18.08,18.08,37.57,37.57,4.15,1.91,9.0,0.0,0.01,0.01,0.0,0.01,0.01,0.0,0.01,0.01,0.0,0.0,0.0,0.0,0.0,37.5,37.56,0.03,37.5,37.56,0.03,0.0,0.03,0.0,0.04,0.04,0.0,0.04,0.04,0.0,0.04,0.04,0.0,0.0,0.0,0.0,0.03,0.03,0.0,0.03,0.03,0.0,0.03,0.0,0.0,0.0,3.0
84,04.08.2020,12:56:35, 230-1 H23o. Nadel Messung I (5Zyklen),Messung I (5Zyklen),12.04,499.7,4.03,4.03,4.07,4.08,33.76,33.87,4.15,2.55,12.0,0.0,0.01,0.01,0.0,0.01,0.01,0.0,0.01,0.01,0.0,0.0,0.0,0.0,0.0,33.46,33.5,0.02,33.46,33.5,0.02,0.0,0.03,0.0,0.03,0.03,0.0,0.03,0.03,0.0,0.03,0.03,0.0,0.0,0.0,0.0,0.03,0.03,0.0,0.03,0.03,0.0,0.03,0.0,0.0,0.0,3.0
85,04.08.2020,12:56:40, 230-1 H23o. Nadel Messung I (5Zyklen),Messung I (5Zyklen),12.04,998.0,8.07,8.06,8.11,8.1,33.71,33.7,4.15,2.54,12.0,0.0,0.01,0.01,0.0,0.01,0.01,0.0,0.01,0.01,0.0,0.0,0.0,0.0,0.0,33.57,33.5,0.02,33.57,33.5,0.02,0.0,0.03,0.0,0.03,0.03,0.0,0.03,0.03,0.0,0.03,0.03,0.0,0.0,0.0,0.0,0.03,0.03,0.0,0.03,0.03,0.0,0.03,0.0,0.0,0.0,3.0
86,04.08.2020,12:56:43, 230-1 H23o. Nadel Messung I (5Zyklen),Messung I (5Zyklen),12.04,1498.0,12.09,12.07,12.12,12.12,33.58,33.57,4.15,2.55,12.0,0.0,0.01,0.01,0.0,0.01,0.01,0.0,0.01,0.01,0.0,0.0,0.0,0.0,0.0,33.48,33.5,0.02,33.48,33.5,0.02,0.0,0.03,0.0,0.03,0.03,0.0,0.03,0.03,0.0,0.03,0.03,0.0,0.0,0.0,0.0,0.03,0.03,0.0,0.03,0.03,0.0,0.03,0.0,0.0,0.0,3.0
87,04.08.2020,12:56:46, 230-1 H23o. Nadel Messung I (5Zyklen),Messung I (5Zyklen),12.03,1997.0,16.1,16.09,16.14,16.14,33.54,33.54,4.15,2.54,12.0,0.0,0.01,0.01,0.0,0.01,0.01,0.0,0.01,0.01,0.0,0.0,0.0,0.0,0.0,33.47,33.5,0.02,33.47,33.5,0.02,0.0,0.03,0.0,0.03,0.03,0.0,0.03,0.03,0.0,0.03,0.03,0.0,0.0,0.0,0.0,0.03,0.03,0.0,0.03,0.03,0.0,0.03,0.0,0.0,0.0,3.0
88,04.08.2020,12:56:49, 230-1 H23o. Nadel Messung I (5Zyklen),Messung I (5Zyklen),15.04,499.7,3.69,3.68,3.72,3.73,30.92,30.96,4.15,3.18,15.0,0.0,0.01,0.01,0.0,0.01,0.01,0.0,0.01,0.01,0.0,0.0,0.0,0.0,0.0,30.63,30.64,0.02,30.63,30.64,0.02,0.0,0.03,0.0,0.03,0.03,0.0,0.03,0.03,0.0,0.03,0.03,0.0,0.0,0.0,0.0,0.03,0.03,0.0,0.03,0.03,0.0,0.03,0.0,0.0,0.0,3.0
89,04.08.2020,12:56:54, 230-1 H23o. Nadel Messung I (5Zyklen),Messung I (5Zyklen),15.04,998.0,7.38,7.38,7.42,7.42,30.84,30.87,4.15,3.18,15.0,0.0,0.01,0.01,0.0,0.01,0.01,0.0,0.01,0.01,0.0,0.0,0.0,0.0,0.0,30.7,30.64,0.02,30.7,30.64,0.02,0.0,0.03,0.0,0.03,0.03,0.0,0.03,0.03,0.0,0.03,0.03,0.0,0.0,0.0,0.0,0.03,0.03,0.0,0.03,0.03,0.0,0.03,0.0,0.0,0.0,3.0
90,04.08.2020,12:56:57, 230-1 H23o. Nadel Messung I (5Zyklen),Messung I (5Zyklen),15.03,1498.0,11.06,11.06,11.09,11.11,30.73,30.77,4.15,3.18,15.0,0.0,0.01,0.01,0.0,0.01,0.01,0.0,0.01,0.01,0.0,0.0,0.0,0.0,0.0,30.63,30.64,0.02,30.63,30.64,0.02,0.0,0.03,0.0,0.03,0.03,0.0,0.03,0.03,0.0,0.03,0.03,0.0,0.0,0.0,0.0,0.03,0.03,0.0,0.03,0.03,0.0,0.03,0.0,0.0,0.0,3.0
91,04.08.2020,12:57:00, 230-1 H23o. Nadel Messung I (5Zyklen),Messung I (5Zyklen),15.04,1998.0,14.74,14.72,14.78,14.77,30.69,30.67,4.15,3.18,15.0,0.0,0.01,0.01,0.0,0.01,0.01,0.0,0.01,0.01,0.0,0.0,0.0,0.0,0.0,30.62,30.64,0.02,30.62,30.64,0.02,0.0,0.03,0.0,0.03,0.03,0.0,0.03,0.03,0.0,0.03,0.03,0.0,0.0,0.0,0.0,0.03,0.03,0.0,0.03,0.03,0.0,0.03,0.0,0.0,0.0,3.0
92,04.08.2020,12:57:04, 230-1 H23o. Nadel Messung I (5Zyklen),Messung I (5Zyklen),20.03,499.7,3.3,3.29,3.33,3.34,27.68,27.72,4.15,4.23,20.0,0.0,0.01,0.01,0.0,0.01,0.01,0.0,0.01,0.01,0.0,0.0,0.0,0.0,0.0,27.39,27.39,0.01,27.39,27.39,0.01,0.0,0.04,0.0,0.03,0.03,0.0,0.03,0.03,0.0,0.03,0.03,0.0,0.0,0.0,0.0,0.04,0.04,0.0,0.04,0.04,0.0,0.04,0.0,0.0,0.0,3.0
93,04.08.2020,12:57:08, 230-1 H23o. Nadel Messung I (5Zyklen),Messung I (5Zyklen),20.01,998.0,6.6,6.59,6.63,6.63,27.57,27.58,4.15,4.23,20.0,0.0,0.01,0.01,0.0,0.01,0.01,0.0,0.01,0.01,0.0,0.0,0.0,0.0,0.0,27.42,27.39,0.01,27.42,27.39,0.01,0.0,0.04,0.0,0.03,0.03,0.0,0.03,0.03,0.0,0.03,0.03,0.0,0.0,0.0,0.0,0.04,0.04,0.0,0.04,0.04,0.0,0.04,0.0,0.0,0.0,3.0
94,04.08.2020,12:57:11, 230-1 H23o. Nadel Messung I (5Zyklen),Messung I (5Zyklen),20.01,1498.0,9.89,9.88,9.92,9.92,27.49,27.49,4.15,4.23,20.0,0.0,0.01,0.01,0.0,0.01,0.01,0.0,0.01,0.01,0.0,0.0,0.0,0.0,0.0,27.39,27.39,0.01,27.39,27.39,0.01,0.0,0.04,0.0,0.03,0.03,0.0,0.03,0.03,0.0,0.03,0.03,0.0,0.0,0.0,0.0,0.04,0.04,0.0,0.04,0.04,0.0,0.04,0.0,0.0,0.0,3.0
95,04.08.2020,12:57:15, 230-1 H23o. Nadel Messung I (5Zyklen),Messung I (5Zyklen),20.01,1997.0,13.17,13.16,13.21,13.21,27.44,27.45,4.15,4.23,20.0,0.0,0.01,0.01,0.0,0.01,0.01,0.0,0.01,0.01,0.0,0.0,0.0,0.0,0.0,27.37,27.39,0.01,27.37,27.39,0.01,0.0,0.04,0.0,0.03,0.03,0.0,0.03,0.03,0.0,0.03,0.03,0.0,0.0,0.0,0.0,0.04,0.04,0.0,0.04,0.04,0.0,0.04,0.0,0.0,0.0,3.0
96,04.08.2020,12:57:25, 230-1 H23o. Nadel Messung I (5Zyklen),Messung I (5Zyklen),1.05,499.7,11.24,11.23,11.28,11.27,93.67,93.63,4.15,0.22,1.0,0.0,0.02,0.02,0.0,0.01,0.01,0.0,0.02,0.02,0.0,0.0,-0.0,-0.0,0.0,93.38,92.86,0.21,51.88,51.36,0.21,0.0,0.01,0.0,0.09,0.09,0.0,0.05,0.05,0.0,0.09,0.09,0.0,-0.02,-0.02,0.0,0.01,0.01,0.0,0.02,0.01,0.0,0.01,0.0,0.0,0.01,4.0
97,04.08.2020,12:57:28, 230-1 H23o. Nadel Messung I (5Zyklen),Messung I (5Zyklen),1.07,998.0,22.37,22.35,22.41,22.4,93.17,93.14,4.15,0.23,1.0,0.0,0.02,0.02,0.0,0.01,0.01,0.0,0.02,0.02,0.0,0.0,-0.0,-0.0,0.0,93.02,92.86,0.21,51.52,51.36,0.21,0.0,0.01,0.0,0.09,0.09,0.0,0.05,0.05,0.0,0.09,0.09,0.0,-0.02,-0.02,0.0,0.01,0.01,0.0,0.02,0.01,0.0,0.01,0.0,0.0,0.01,4.0
98,04.08.2020,12:57:31, 230-1 H23o. Nadel Messung I (5Zyklen),Messung I (5Zyklen),1.06,1498.0,33.43,33.42,33.47,33.47,92.72,92.72,4.15,0.23,1.0,0.0,0.02,0.02,0.0,0.01,0.01,0.0,0.02,0.02,0.0,0.0,-0.0,-0.0,0.0,92.62,92.86,0.21,51.12,51.36,0.21,0.0,0.01,0.0,0.09,0.09,0.0,0.05,0.05,0.0,0.09,0.09,0.0,-0.02,-0.02,0.0,0.01,0.01,0.0,0.02,0.01,0.0,0.01,0.0,0.0,0.01,4.0
99,04.08.2020,12:57:35, 230-1 H23o. Nadel Messung I (5Zyklen),Messung I (5Zyklen),1.07,1997.0,44.48,44.48,44.52,44.53,92.51,92.53,4.15,0.23,1.0,0.0,0.02,0.02,0.0,0.01,0.01,0.0,0.02,0.02,0.0,0.0,-0.0,-0.0,0.0,92.43,92.86,0.21,50.93,51.36,0.21,0.0,0.01,0.0,0.09,0.09,0.0,0.05,0.05,0.0,0.09,0.09,0.0,-0.02,-0.02,0.0,0.01,0.01,0.0,0.02,0.01,0.0,0.01,0.0,0.0,0.01,4.0
100,04.08.2020,12:57:38, 230-1 H23o. Nadel Messung I (5Zyklen),Messung I (5Zyklen),2.02,499.7,8.48,8.48,8.51,8.52,70.71,70.77,4.15,0.43,2.0,0.0,0.02,0.02,0.0,0.02,0.02,0.0,0.02,0.02,0.0,0.0,0.0,0.0,0.0,70.42,70.18,0.1,70.42,70.18,0.1,0.0,0.01,0.0,0.07,0.07,0.0,0.07,0.07,0.0,0.07,0.07,0.0,0.0,0.0,0.0,0.01,0.01,0.0,0.01,0.01,0.0,0.01,0.0,0.0,0.0,4.0
101,04.08.2020,12:57:42, 230-1 H23o. Nadel Messung I (5Zyklen),Messung I (5Zyklen),2.03,998.0,16.89,16.89,16.93,16.94,70.4,70.43,4.15,0.43,2.0,0.0,0.02,0.02,0.0,0.02,0.02,0.0,0.02,0.02,0.0,0.0,0.0,0.0,0.0,70.25,70.18,0.1,70.25,70.18,0.1,0.0,0.01,0.0,0.07,0.07,0.0,0.07,0.07,0.0,0.07,0.07,0.0,0.0,0.0,0.0,0.01,0.01,0.0,0.01,0.01,0.0,0.01,0.0,0.0,0.0,4.0
102,04.08.2020,12:57:46, 230-1 H23o. Nadel Messung I (5Zyklen),Messung I (5Zyklen),2.04,1498.0,25.3,25.29,25.34,25.33,70.19,70.18,4.15,0.43,2.0,0.0,0.02,0.02,0.0,0.02,0.02,0.0,0.02,0.02,0.0,0.0,0.0,0.0,0.0,70.09,70.18,0.1,70.09,70.18,0.1,0.0,0.01,0.0,0.07,0.07,0.0,0.07,0.07,0.0,0.07,0.07,0.0,0.0,0.0,0.0,0.01,0.01,0.0,0.01,0.01,0.0,0.01,0.0,0.0,0.0,4.0
103,04.08.2020,12:57:49, 230-1 H23o. Nadel Messung I (5Zyklen),Messung I (5Zyklen),2.04,1998.0,33.68,33.66,33.72,33.71,70.03,70.01,4.15,0.43,2.0,0.0,0.02,0.02,0.0,0.02,0.02,0.0,0.02,0.02,0.0,0.0,0.0,0.0,0.0,69.96,70.18,0.1,69.96,70.18,0.1,0.0,0.01,0.0,0.07,0.07,0.0,0.07,0.07,0.0,0.07,0.07,0.0,0.0,0.0,0.0,0.01,0.01,0.0,0.01,0.01,0.0,0.01,0.0,0.0,0.0,4.0
104,04.08.2020,12:57:52, 230-1 H23o. Nadel Messung I (5Zyklen),Messung I (5Zyklen),3.05,499.7,7.12,7.1,7.15,7.15,59.4,59.35,4.15,0.65,3.0,0.0,0.01,0.01,0.0,0.01,0.01,0.0,0.01,0.01,0.0,0.0,0.0,0.0,0.0,59.1,59.07,0.03,59.1,59.07,0.03,0.0,0.02,0.0,0.06,0.06,0.0,0.06,0.06,0.0,0.06,0.06,0.0,0.0,0.0,0.0,0.02,0.02,0.0,0.02,0.02,0.0,0.02,0.0,0.0,0.0,4.0
105,04.08.2020,12:57:57, 230-1 H23o. Nadel Messung I (5Zyklen),Messung I (5Zyklen),3.06,998.0,14.22,14.21,14.26,14.26,59.28,59.29,4.15,0.65,3.0,0.0,0.01,0.01,0.0,0.01,0.01,0.0,0.01,0.01,0.0,0.0,0.0,0.0,0.0,59.13,59.07,0.03,59.13,59.07,0.03,0.0,0.02,0.0,0.06,0.06,0.0,0.06,0.06,0.0,0.06,0.06,0.0,0.0,0.0,0.0,0.02,0.02,0.0,0.02,0.02,0.0,0.02,0.0,0.0,0.0,4.0
106,04.08.2020,12:58:00, 230-1 H23o. Nadel Messung I (5Zyklen),Messung I (5Zyklen),3.06,1498.0,21.31,21.3,21.35,21.34,59.14,59.12,4.15,0.65,3.0,0.0,0.01,0.01,0.0,0.01,0.01,0.0,0.01,0.01,0.0,0.0,0.0,0.0,0.0,59.04,59.07,0.03,59.04,59.07,0.03,0.0,0.02,0.0,0.06,0.06,0.0,0.06,0.06,0.0,0.06,0.06,0.0,0.0,0.0,0.0,0.02,0.02,0.0,0.02,0.02,0.0,0.02,0.0,0.0,0.0,4.0
107,04.08.2020,12:58:03, 230-1 H23o. Nadel Messung I (5Zyklen),Messung I (5Zyklen),3.06,1998.0,28.4,28.39,28.43,28.43,59.06,59.05,4.15,0.65,3.0,0.0,0.01,0.01,0.0,0.01,0.01,0.0,0.01,0.01,0.0,0.0,0.0,0.0,0.0,58.99,59.07,0.03,58.99,59.07,0.03,0.0,0.02,0.0,0.06,0.06,0.0,0.06,0.06,0.0,0.06,0.06,0.0,0.0,0.0,0.0,0.02,0.02,0.0,0.02,0.02,0.0,0.02,0.0,0.0,0.0,4.0
108,04.08.2020,12:58:06, 230-1 H23o. Nadel Messung I (5Zyklen),Messung I (5Zyklen),6.05,499.7,5.49,5.48,5.53,5.53,45.89,45.93,4.15,1.28,6.0,0.0,0.01,0.01,0.0,0.01,0.01,0.0,0.01,0.01,0.0,0.0,0.0,0.0,0.0,45.59,45.59,0.02,45.59,45.59,0.02,0.0,0.02,0.0,0.05,0.05,0.0,0.05,0.05,0.0,0.05,0.05,0.0,0.0,0.0,0.0,0.02,0.02,0.0,0.02,0.02,0.0,0.02,0.0,0.0,0.0,4.0
109,04.08.2020,12:58:11, 230-1 H23o. Nadel Messung I (5Zyklen),Messung I (5Zyklen),6.05,998.0,10.98,10.97,11.02,11.02,45.81,45.81,4.15,1.28,6.0,0.0,0.01,0.01,0.0,0.01,0.01,0.0,0.01,0.01,0.0,0.0,0.0,0.0,0.0,45.66,45.59,0.02,45.66,45.59,0.02,0.0,0.02,0.0,0.05,0.05,0.0,0.05,0.05,0.0,0.05,0.05,0.0,0.0,0.0,0.0,0.02,0.02,0.0,0.02,0.02,0.0,0.02,0.0,0.0,0.0,4.0
110,04.08.2020,12:58:14, 230-1 H23o. Nadel Messung I (5Zyklen),Messung I (5Zyklen),6.04,1498.0,16.45,16.44,16.49,16.49,45.68,45.68,4.15,1.28,6.0,0.0,0.01,0.01,0.0,0.01,0.01,0.0,0.01,0.01,0.0,0.0,0.0,0.0,0.0,45.58,45.59,0.02,45.58,45.59,0.02,0.0,0.02,0.0,0.05,0.05,0.0,0.05,0.05,0.0,0.05,0.05,0.0,0.0,0.0,0.0,0.02,0.02,0.0,0.02,0.02,0.0,0.02,0.0,0.0,0.0,4.0
111,04.08.2020,12:58:17, 230-1 H23o. Nadel Messung I (5Zyklen),Messung I (5Zyklen),6.05,1998.0,21.93,21.91,21.96,21.96,45.62,45.61,4.15,1.28,6.0,0.0,0.01,0.01,0.0,0.01,0.01,0.0,0.01,0.01,0.0,0.0,0.0,0.0,0.0,45.54,45.59,0.02,45.54,45.59,0.02,0.0,0.02,0.0,0.05,0.05,0.0,0.05,0.05,0.0,0.05,0.05,0.0,0.0,0.0,0.0,0.02,0.02,0.0,0.02,0.02,0.0,0.02,0.0,0.0,0.0,4.0
112,04.08.2020,12:58:21, 230-1 H23o. Nadel Messung I (5Zyklen),Messung I (5Zyklen),9.04,499.7,4.69,4.67,4.72,4.71,39.22,39.15,4.15,1.91,9.0,0.0,0.01,0.01,0.0,0.01,0.01,0.0,0.01,0.01,0.0,0.0,0.0,0.0,0.0,38.92,38.89,0.02,38.92,38.89,0.02,0.0,0.03,0.0,0.04,0.04,0.0,0.04,0.04,0.0,0.04,0.04,0.0,0.0,0.0,0.0,0.03,0.03,0.0,0.03,0.03,0.0,0.03,0.0,0.0,0.0,4.0
113,04.08.2020,12:58:25, 230-1 H23o. Nadel Messung I (5Zyklen),Messung I (5Zyklen),9.04,998.0,9.36,9.35,9.4,9.4,39.08,39.08,4.15,1.91,9.0,0.0,0.01,0.01,0.0,0.01,0.01,0.0,0.01,0.01,0.0,0.0,0.0,0.0,0.0,38.93,38.89,0.02,38.93,38.89,0.02,0.0,0.03,0.0,0.04,0.04,0.0,0.04,0.04,0.0,0.04,0.04,0.0,0.0,0.0,0.0,0.03,0.03,0.0,0.03,0.03,0.0,0.03,0.0,0.0,0.0,4.0
114,04.08.2020,12:58:28, 230-1 H23o. Nadel Messung I (5Zyklen),Messung I (5Zyklen),9.03,1498.0,14.03,14.03,14.06,14.07,38.96,38.98,4.15,1.91,9.0,0.0,0.01,0.01,0.0,0.01,0.01,0.0,0.01,0.01,0.0,0.0,0.0,0.0,0.0,38.86,38.89,0.02,38.86,38.89,0.02,0.0,0.03,0.0,0.04,0.04,0.0,0.04,0.04,0.0,0.04,0.04,0.0,0.0,0.0,0.0,0.03,0.03,0.0,0.03,0.03,0.0,0.03,0.0,0.0,0.0,4.0
115,04.08.2020,12:58:32, 230-1 H23o. Nadel Messung I (5Zyklen),Messung I (5Zyklen),9.03,1998.0,18.7,18.67,18.74,18.72,38.92,38.88,4.15,1.91,9.0,0.0,0.01,0.01,0.0,0.01,0.01,0.0,0.01,0.01,0.0,0.0,0.0,0.0,0.0,38.84,38.89,0.02,38.84,38.89,0.02,0.0,0.03,0.0,0.04,0.04,0.0,0.04,0.04,0.0,0.04,0.04,0.0,0.0,0.0,0.0,0.03,0.03,0.0,0.03,0.03,0.0,0.03,0.0,0.0,0.0,4.0
116,04.08.2020,12:58:35, 230-1 H23o. Nadel Messung I (5Zyklen),Messung I (5Zyklen),12.04,499.7,4.18,4.17,4.21,4.21,34.99,34.98,4.15,2.55,12.0,0.0,0.01,0.01,0.0,0.01,0.01,0.0,0.01,0.01,0.0,0.0,0.0,0.0,0.0,34.7,34.69,0.03,34.7,34.69,0.03,0.0,0.03,0.0,0.03,0.03,0.0,0.03,0.03,0.0,0.03,0.03,0.0,0.0,0.0,0.0,0.03,0.03,0.0,0.03,0.03,0.0,0.03,0.0,0.0,0.0,4.0
117,04.08.2020,12:58:39, 230-1 H23o. Nadel Messung I (5Zyklen),Messung I (5Zyklen),12.04,998.0,8.36,8.34,8.39,8.38,34.91,34.86,4.15,2.55,12.0,0.0,0.01,0.01,0.0,0.01,0.01,0.0,0.01,0.01,0.0,0.0,0.0,0.0,0.0,34.76,34.69,0.03,34.76,34.69,0.03,0.0,0.03,0.0,0.03,0.03,0.0,0.03,0.03,0.0,0.03,0.03,0.0,0.0,0.0,0.0,0.03,0.03,0.0,0.03,0.03,0.0,0.03,0.0,0.0,0.0,4.0
118,04.08.2020,12:58:43, 230-1 H23o. Nadel Messung I (5Zyklen),Messung I (5Zyklen),12.04,1498.0,12.51,12.51,12.54,12.56,34.75,34.78,4.15,2.54,12.0,0.0,0.01,0.01,0.0,0.01,0.01,0.0,0.01,0.01,0.0,0.0,0.0,0.0,0.0,34.65,34.69,0.03,34.65,34.69,0.03,0.0,0.03,0.0,0.03,0.03,0.0,0.03,0.03,0.0,0.03,0.03,0.0,0.0,0.0,0.0,0.03,0.03,0.0,0.03,0.03,0.0,0.03,0.0,0.0,0.0,4.0
119,04.08.2020,12:58:46, 230-1 H23o. Nadel Messung I (5Zyklen),Messung I (5Zyklen),12.03,1998.0,16.68,16.67,16.72,16.71,34.73,34.72,4.15,2.54,12.0,0.0,0.01,0.01,0.0,0.01,0.01,0.0,0.01,0.01,0.0,0.0,0.0,0.0,0.0,34.65,34.69,0.03,34.65,34.69,0.03,0.0,0.03,0.0,0.03,0.03,0.0,0.03,0.03,0.0,0.03,0.03,0.0,0.0,0.0,0.0,0.03,0.03,0.0,0.03,0.03,0.0,0.03,0.0,0.0,0.0,4.0
120,04.08.2020,12:58:49, 230-1 H23o. Nadel Messung I (5Zyklen),Messung I (5Zyklen),15.0,499.7,3.82,3.81,3.86,3.86,32.03,32.05,4.15,3.17,15.0,0.0,0.01,0.01,0.0,0.01,0.01,0.0,0.01,0.01,0.0,0.0,0.0,0.0,0.0,31.73,31.75,0.02,31.73,31.75,0.02,0.0,0.03,0.0,0.03,0.03,0.0,0.03,0.03,0.0,0.03,0.03,0.0,0.0,0.0,0.0,0.03,0.03,0.0,0.03,0.03,0.0,0.03,0.0,0.0,0.0,4.0
121,04.08.2020,12:58:54, 230-1 H23o. Nadel Messung I (5Zyklen),Messung I (5Zyklen),15.01,998.0,7.65,7.63,7.69,7.67,31.97,31.91,4.15,3.17,15.0,0.0,0.01,0.01,0.0,0.01,0.01,0.0,0.01,0.01,0.0,0.0,0.0,0.0,0.0,31.82,31.75,0.02,31.82,31.75,0.02,0.0,0.03,0.0,0.03,0.03,0.0,0.03,0.03,0.0,0.03,0.03,0.0,0.0,0.0,0.0,0.03,0.03,0.0,0.03,0.03,0.0,0.03,0.0,0.0,0.0,4.0
122,04.08.2020,12:58:57, 230-1 H23o. Nadel Messung I (5Zyklen),Messung I (5Zyklen),15.01,1498.0,11.45,11.44,11.49,11.49,31.83,31.82,4.15,3.17,15.0,0.0,0.01,0.01,0.0,0.01,0.01,0.0,0.01,0.01,0.0,0.0,0.0,0.0,0.0,31.73,31.75,0.02,31.73,31.75,0.02,0.0,0.03,0.0,0.03,0.03,0.0,0.03,0.03,0.0,0.03,0.03,0.0,0.0,0.0,0.0,0.03,0.03,0.0,0.03,0.03,0.0,0.03,0.0,0.0,0.0,4.0
123,04.08.2020,12:59:00, 230-1 H23o. Nadel Messung I (5Zyklen),Messung I (5Zyklen),15.03,1998.0,15.26,15.25,15.3,15.3,31.78,31.77,4.15,3.18,15.0,0.0,0.01,0.01,0.0,0.01,0.01,0.0,0.01,0.01,0.0,0.0,0.0,0.0,0.0,31.7,31.75,0.02,31.7,31.75,0.02,0.0,0.03,0.0,0.03,0.03,0.0,0.03,0.03,0.0,0.03,0.03,0.0,0.0,0.0,0.0,0.03,0.03,0.0,0.03,0.03,0.0,0.03,0.0,0.0,0.0,4.0
124,04.08.2020,12:59:03, 230-1 H23o. Nadel Messung I (5Zyklen),Messung I (5Zyklen),20.02,499.7,3.4,3.4,3.44,3.44,28.55,28.58,4.15,4.23,20.0,0.0,0.01,0.01,0.0,0.01,0.01,0.0,0.01,0.01,0.0,0.0,0.0,0.0,0.0,28.25,28.3,0.02,28.25,28.3,0.02,0.0,0.04,0.0,0.03,0.03,0.0,0.03,0.03,0.0,0.03,0.03,0.0,0.0,0.0,0.0,0.04,0.04,0.0,0.04,0.04,0.0,0.04,0.0,0.0,0.0,4.0
125,04.08.2020,12:59:08, 230-1 H23o. Nadel Messung I (5Zyklen),Messung I (5Zyklen),20.03,998.0,6.82,6.82,6.85,6.86,28.49,28.54,4.15,4.23,20.0,0.0,0.01,0.01,0.0,0.01,0.01,0.0,0.01,0.01,0.0,0.0,0.0,0.0,0.0,28.34,28.3,0.02,28.34,28.3,0.02,0.0,0.04,0.0,0.03,0.03,0.0,0.03,0.03,0.0,0.03,0.03,0.0,0.0,0.0,0.0,0.04,0.04,0.0,0.04,0.04,0.0,0.04,0.0,0.0,0.0,4.0
126,04.08.2020,12:59:11, 230-1 H23o. Nadel Messung I (5Zyklen),Messung I (5Zyklen),20.02,1498.0,10.22,10.21,10.25,10.25,28.4,28.4,4.15,4.23,20.0,0.0,0.01,0.01,0.0,0.01,0.01,0.0,0.01,0.01,0.0,0.0,0.0,0.0,0.0,28.3,28.3,0.02,28.3,28.3,0.02,0.0,0.04,0.0,0.03,0.03,0.0,0.03,0.03,0.0,0.03,0.03,0.0,0.0,0.0,0.0,0.04,0.04,0.0,0.04,0.04,0.0,0.04,0.0,0.0,0.0,4.0
127,04.08.2020,12:59:14, 230-1 H23o. Nadel Messung I (5Zyklen),Messung I (5Zyklen),20.02,1998.0,13.62,13.6,13.66,13.65,28.37,28.35,4.15,4.23,20.0,0.0,0.01,0.01,0.0,0.01,0.01,0.0,0.01,0.01,0.0,0.0,0.0,0.0,0.0,28.29,28.3,0.02,28.29,28.3,0.02,0.0,0.04,0.0,0.03,0.03,0.0,0.03,0.03,0.0,0.03,0.03,0.0,0.0,0.0,0.0,0.04,0.04,0.0,0.04,0.04,0.0,0.04,0.0,0.0,0.0,4.0
128,04.08.2020,12:59:24, 230-1 H23o. Nadel Messung I (5Zyklen),Messung I (5Zyklen),1.07,499.7,11.23,11.21,11.26,11.25,93.54,93.46,4.15,0.23,1.0,0.0,0.02,0.02,0.0,0.01,0.01,0.0,0.02,0.02,0.0,0.0,-0.0,-0.0,0.0,93.25,92.79,0.18,51.75,51.29,0.18,0.0,0.01,0.0,0.09,0.09,0.0,0.05,0.05,0.0,0.09,0.09,0.0,-0.02,-0.02,0.0,0.01,0.01,0.0,0.02,0.01,0.0,0.01,0.0,0.0,0.01,5.0
129,04.08.2020,12:59:28, 230-1 H23o. Nadel Messung I (5Zyklen),Messung I (5Zyklen),1.06,998.0,22.34,22.33,22.38,22.37,93.06,93.03,4.15,0.22,1.0,0.0,0.02,0.02,0.0,0.01,0.01,0.0,0.02,0.02,0.0,0.0,-0.0,-0.0,0.0,92.91,92.79,0.18,51.41,51.29,0.18,0.0,0.01,0.0,0.09,0.09,0.0,0.05,0.05,0.0,0.09,0.09,0.0,-0.02,-0.02,0.0,0.01,0.01,0.0,0.02,0.01,0.0,0.01,0.0,0.0,0.01,5.0
130,04.08.2020,12:59:32, 230-1 H23o. Nadel Messung I (5Zyklen),Messung I (5Zyklen),1.07,1498.0,33.42,33.4,33.46,33.45,92.68,92.66,4.15,0.23,1.0,0.0,0.02,0.02,0.0,0.01,0.01,0.0,0.02,0.02,0.0,0.0,-0.0,-0.0,0.0,92.59,92.79,0.18,51.09,51.29,0.18,0.0,0.01,0.0,0.09,0.09,0.0,0.05,0.05,0.0,0.09,0.09,0.0,-0.02,-0.02,0.0,0.01,0.01,0.0,0.02,0.01,0.0,0.01,0.0,0.0,0.01,5.0
131,04.08.2020,12:59:35, 230-1 H23o. Nadel Messung I (5Zyklen),Messung I (5Zyklen),1.07,1997.0,44.47,44.46,44.51,44.51,92.5,92.49,4.15,0.23,1.0,0.0,0.02,0.02,0.0,0.01,0.01,0.0,0.02,0.02,0.0,0.0,-0.0,-0.0,0.0,92.42,92.79,0.18,50.92,51.29,0.18,0.0,0.01,0.0,0.09,0.09,0.0,0.05,0.05,0.0,0.09,0.09,0.0,-0.02,-0.02,0.0,0.01,0.01,0.0,0.02,0.01,0.0,0.01,0.0,0.0,0.01,5.0
132,04.08.2020,12:59:38, 230-1 H23o. Nadel Messung I (5Zyklen),Messung I (5Zyklen),2.0,499.7,8.47,8.46,8.51,8.5,70.64,70.62,4.15,0.42,2.0,0.0,0.02,0.02,0.0,0.02,0.02,0.0,0.02,0.02,0.0,0.0,0.0,0.0,0.0,70.35,70.26,0.07,70.35,70.26,0.07,0.0,0.01,0.0,0.07,0.07,0.0,0.07,0.07,0.0,0.07,0.07,0.0,0.0,0.0,0.0,0.01,0.01,0.0,0.01,0.01,0.0,0.01,0.0,0.0,0.0,5.0
133,04.08.2020,12:59:43, 230-1 H23o. Nadel Messung I (5Zyklen),Messung I (5Zyklen),2.0,998.0,16.93,16.92,16.97,16.96,70.55,70.53,4.15,0.42,2.0,0.0,0.02,0.02,0.0,0.02,0.02,0.0,0.02,0.02,0.0,0.0,0.0,0.0,0.0,70.4,70.26,0.07,70.4,70.26,0.07,0.0,0.01,0.0,0.07,0.07,0.0,0.07,0.07,0.0,0.07,0.07,0.0,0.0,0.0,0.0,0.01,0.01,0.0,0.01,0.01,0.0,0.01,0.0,0.0,0.0,5.0
134,04.08.2020,12:59:46, 230-1 H23o. Nadel Messung I (5Zyklen),Messung I (5Zyklen),2.01,1498.0,25.34,25.33,25.37,25.38,70.29,70.31,4.15,0.43,2.0,0.0,0.02,0.02,0.0,0.02,0.02,0.0,0.02,0.02,0.0,0.0,0.0,0.0,0.0,70.19,70.26,0.07,70.19,70.26,0.07,0.0,0.01,0.0,0.07,0.07,0.0,0.07,0.07,0.0,0.07,0.07,0.0,0.0,0.0,0.0,0.01,0.01,0.0,0.01,0.01,0.0,0.01,0.0,0.0,0.0,5.0
135,04.08.2020,12:59:49, 230-1 H23o. Nadel Messung I (5Zyklen),Messung I (5Zyklen),2.02,1998.0,33.75,33.73,33.78,33.78,70.17,70.16,4.15,0.43,2.0,0.0,0.02,0.02,0.0,0.02,0.02,0.0,0.02,0.02,0.0,0.0,0.0,0.0,0.0,70.1,70.26,0.07,70.1,70.26,0.07,0.0,0.01,0.0,0.07,0.07,0.0,0.07,0.07,0.0,0.07,0.07,0.0,0.0,0.0,0.0,0.01,0.01,0.0,0.01,0.01,0.0,0.01,0.0,0.0,0.0,5.0
136,04.08.2020,12:59:52, 230-1 H23o. Nadel Messung I (5Zyklen),Messung I (5Zyklen),3.04,499.7,7.22,7.21,7.26,7.26,60.26,60.28,4.15,0.64,3.0,0.0,0.01,0.01,0.0,0.01,0.01,0.0,0.01,0.01,0.0,0.0,0.0,0.0,0.0,59.96,59.9,0.05,59.96,59.9,0.05,0.0,0.02,0.0,0.06,0.06,0.0,0.06,0.06,0.0,0.06,0.06,0.0,0.0,0.0,0.0,0.02,0.02,0.0,0.02,0.02,0.0,0.02,0.0,0.0,0.0,5.0
137,04.08.2020,12:59:57, 230-1 H23o. Nadel Messung I (5Zyklen),Messung I (5Zyklen),3.05,998.0,14.43,14.41,14.46,14.46,60.14,60.13,4.15,0.64,3.0,0.0,0.01,0.01,0.0,0.01,0.01,0.0,0.01,0.01,0.0,0.0,0.0,0.0,0.0,59.99,59.9,0.05,59.99,59.9,0.05,0.0,0.02,0.0,0.06,0.06,0.0,0.06,0.06,0.0,0.06,0.06,0.0,0.0,0.0,0.0,0.02,0.02,0.0,0.02,0.02,0.0,0.02,0.0,0.0,0.0,5.0
138,04.08.2020,13:00:00, 230-1 H23o. Nadel Messung I (5Zyklen),Messung I (5Zyklen),3.05,1498.0,21.61,21.6,21.64,21.64,59.95,59.96,4.15,0.65,3.0,0.0,0.01,0.01,0.0,0.01,0.01,0.0,0.01,0.01,0.0,0.0,0.0,0.0,0.0,59.86,59.9,0.05,59.86,59.9,0.05,0.0,0.02,0.0,0.06,0.06,0.0,0.06,0.06,0.0,0.06,0.06,0.0,0.0,0.0,0.0,0.02,0.02,0.0,0.02,0.02,0.0,0.02,0.0,0.0,0.0,5.0
139,04.08.2020,13:00:03, 230-1 H23o. Nadel Messung I (5Zyklen),Messung I (5Zyklen),3.06,1998.0,28.79,28.77,28.82,28.82,59.87,59.85,4.15,0.65,3.0,0.0,0.01,0.01,0.0,0.01,0.01,0.0,0.01,0.01,0.0,0.0,0.0,0.0,0.0,59.79,59.9,0.05,59.79,59.9,0.05,0.0,0.02,0.0,0.06,0.06,0.0,0.06,0.06,0.0,0.06,0.06,0.0,0.0,0.0,0.0,0.02,0.02,0.0,0.02,0.02,0.0,0.02,0.0,0.0,0.0,5.0
140,04.08.2020,13:00:07, 230-1 H23o. Nadel Messung I (5Zyklen),Messung I (5Zyklen),6.05,499.7,5.64,5.63,5.68,5.68,47.17,47.17,4.15,1.28,6.0,0.0,0.01,0.01,0.0,0.01,0.01,0.0,0.01,0.01,0.0,0.0,0.0,0.0,0.0,46.87,46.88,0.03,46.87,46.88,0.03,0.0,0.02,0.0,0.05,0.05,0.0,0.05,0.05,0.0,0.05,0.05,0.0,0.0,0.0,0.0,0.02,0.02,0.0,0.02,0.02,0.0,0.02,0.0,0.0,0.0,5.0
141,04.08.2020,13:00:11, 230-1 H23o. Nadel Messung I (5Zyklen),Messung I (5Zyklen),6.05,998.0,11.29,11.29,11.33,11.34,47.09,47.14,4.15,1.28,6.0,0.0,0.01,0.01,0.0,0.01,0.01,0.0,0.01,0.01,0.0,0.0,0.0,0.0,0.0,46.95,46.88,0.03,46.95,46.88,0.03,0.0,0.02,0.0,0.05,0.05,0.0,0.05,0.05,0.0,0.05,0.05,0.0,0.0,0.0,0.0,0.02,0.02,0.0,0.02,0.02,0.0,0.02,0.0,0.0,0.0,5.0
142,04.08.2020,13:00:14, 230-1 H23o. Nadel Messung I (5Zyklen),Messung I (5Zyklen),6.06,1498.0,16.92,16.9,16.96,16.95,46.98,46.95,4.15,1.28,6.0,0.0,0.01,0.01,0.0,0.01,0.01,0.0,0.01,0.01,0.0,0.0,0.0,0.0,0.0,46.89,46.88,0.03,46.89,46.88,0.03,0.0,0.02,0.0,0.05,0.05,0.0,0.05,0.05,0.0,0.05,0.05,0.0,0.0,0.0,0.0,0.02,0.02,0.0,0.02,0.02,0.0,0.02,0.0,0.0,0.0,5.0
143,04.08.2020,13:00:18, 230-1 H23o. Nadel Messung I (5Zyklen),Messung I (5Zyklen),6.05,1998.0,22.54,22.54,22.58,22.59,46.9,46.91,4.15,1.28,6.0,0.0,0.01,0.01,0.0,0.01,0.01,0.0,0.01,0.01,0.0,0.0,0.0,0.0,0.0,46.82,46.88,0.03,46.82,46.88,0.03,0.0,0.02,0.0,0.05,0.05,0.0,0.05,0.05,0.0,0.05,0.05,0.0,0.0,0.0,0.0,0.02,0.02,0.0,0.02,0.02,0.0,0.02,0.0,0.0,0.0,5.0
144,04.08.2020,13:00:21, 230-1 H23o. Nadel Messung I (5Zyklen),Messung I (5Zyklen),9.05,499.7,4.82,4.81,4.85,4.86,40.29,40.36,4.15,1.91,9.0,0.0,0.01,0.01,0.0,0.01,0.01,0.0,0.01,0.01,0.0,0.0,0.0,0.0,0.0,40.0,40.0,0.02,40.0,40.0,0.02,0.0,0.02,0.0,0.04,0.04,0.0,0.04,0.04,0.0,0.04,0.04,0.0,0.0,0.0,0.0,0.03,0.02,0.0,0.03,0.02,0.0,0.03,0.0,0.0,0.0,5.0
145,04.08.2020,13:00:25, 230-1 H23o. Nadel Messung I (5Zyklen),Messung I (5Zyklen),9.04,998.0,9.63,9.62,9.67,9.67,40.21,40.2,4.15,1.91,9.0,0.0,0.01,0.01,0.0,0.01,0.01,0.0,0.01,0.01,0.0,0.0,0.0,0.0,0.0,40.06,40.0,0.02,40.06,40.0,0.02,0.0,0.02,0.0,0.04,0.04,0.0,0.04,0.04,0.0,0.04,0.04,0.0,0.0,0.0,0.0,0.02,0.02,0.0,0.02,0.02,0.0,0.02,0.0,0.0,0.0,5.0
146,04.08.2020,13:00:29, 230-1 H23o. Nadel Messung I (5Zyklen),Messung I (5Zyklen),9.03,1498.0,14.44,14.43,14.48,14.48,40.1,40.11,4.15,1.91,9.0,0.0,0.01,0.01,0.0,0.01,0.01,0.0,0.01,0.01,0.0,0.0,0.0,0.0,0.0,40.0,40.0,0.02,40.0,40.0,0.02,0.0,0.02,0.0,0.04,0.04,0.0,0.04,0.04,0.0,0.04,0.04,0.0,0.0,0.0,0.0,0.02,0.02,0.0,0.02,0.02,0.0,0.02,0.0,0.0,0.0,5.0
147,04.08.2020,13:00:32, 230-1 H23o. Nadel Messung I (5Zyklen),Messung I (5Zyklen),9.04,1998.0,19.24,19.22,19.27,19.27,40.03,40.02,4.15,1.91,9.0,0.0,0.01,0.01,0.0,0.01,0.01,0.0,0.01,0.01,0.0,0.0,0.0,0.0,0.0,39.96,40.0,0.02,39.96,40.0,0.02,0.0,0.02,0.0,0.04,0.04,0.0,0.04,0.04,0.0,0.04,0.04,0.0,0.0,0.0,0.0,0.03,0.02,0.0,0.03,0.02,0.0,0.03,0.0,0.0,0.0,5.0
148,04.08.2020,13:00:35, 230-1 H23o. Nadel Messung I (5Zyklen),Messung I (5Zyklen),12.04,499.7,4.3,4.3,4.33,4.34,36.0,36.05,4.15,2.55,12.0,0.0,0.01,0.01,0.0,0.01,0.01,0.0,0.01,0.01,0.0,0.0,0.0,0.0,0.0,35.7,35.69,0.02,35.7,35.69,0.02,0.0,0.03,0.0,0.04,0.04,0.0,0.04,0.04,0.0,0.04,0.04,0.0,0.0,0.0,0.0,0.03,0.03,0.0,0.03,0.03,0.0,0.03,0.0,0.0,0.0,5.0
149,04.08.2020,13:00:40, 230-1 H23o. Nadel Messung I (5Zyklen),Messung I (5Zyklen),12.04,998.0,8.59,8.59,8.63,8.64,35.89,35.91,4.15,2.55,12.0,0.0,0.01,0.01,0.0,0.01,0.01,0.0,0.01,0.01,0.0,0.0,0.0,0.0,0.0,35.74,35.69,0.02,35.74,35.69,0.02,0.0,0.03,0.0,0.04,0.04,0.0,0.04,0.04,0.0,0.04,0.04,0.0,0.0,0.0,0.0,0.03,0.03,0.0,0.03,0.03,0.0,0.03,0.0,0.0,0.0,5.0
150,04.08.2020,13:00:43, 230-1 H23o. Nadel Messung I (5Zyklen),Messung I (5Zyklen),12.03,1498.0,12.88,12.86,12.91,12.91,35.77,35.75,4.15,2.54,12.0,0.0,0.01,0.01,0.0,0.01,0.01,0.0,0.01,0.01,0.0,0.0,0.0,0.0,0.0,35.67,35.69,0.02,35.67,35.69,0.02,0.0,0.03,0.0,0.04,0.04,0.0,0.04,0.04,0.0,0.04,0.04,0.0,0.0,0.0,0.0,0.03,0.03,0.0,0.03,0.03,0.0,0.03,0.0,0.0,0.0,5.0
151,04.08.2020,13:00:46, 230-1 H23o. Nadel Messung I (5Zyklen),Messung I (5Zyklen),12.04,1998.0,17.16,17.14,17.19,17.19,35.71,35.7,4.15,2.54,12.0,0.0,0.01,0.01,0.0,0.01,0.01,0.0,0.01,0.01,0.0,0.0,0.0,0.0,0.0,35.64,35.69,0.02,35.64,35.69,0.02,0.0,0.03,0.0,0.04,0.04,0.0,0.04,0.04,0.0,0.04,0.04,0.0,0.0,0.0,0.0,0.03,0.03,0.0,0.03,0.03,0.0,0.03,0.0,0.0,0.0,5.0
152,04.08.2020,13:00:49, 230-1 H23o. Nadel Messung I (5Zyklen),Messung I (5Zyklen),15.04,499.7,3.93,3.93,3.97,3.98,32.97,33.02,4.15,3.18,15.0,0.0,0.01,0.01,0.0,0.01,0.01,0.0,0.01,0.01,0.0,0.0,0.0,0.0,0.0,32.67,32.65,0.02,32.67,32.65,0.02,0.0,0.03,0.0,0.03,0.03,0.0,0.03,0.03,0.0,0.03,0.03,0.0,0.0,0.0,0.0,0.03,0.03,0.0,0.03,0.03,0.0,0.03,0.0,0.0,0.0,5.0
153,04.08.2020,13:00:54, 230-1 H23o. Nadel Messung I (5Zyklen),Messung I (5Zyklen),15.04,998.0,7.86,7.87,7.9,7.91,32.85,32.91,4.15,3.18,15.0,0.0,0.01,0.01,0.0,0.01,0.01,0.0,0.01,0.01,0.0,0.0,0.0,0.0,0.0,32.7,32.65,0.02,32.7,32.65,0.02,0.0,0.03,0.0,0.03,0.03,0.0,0.03,0.03,0.0,0.03,0.03,0.0,0.0,0.0,0.0,0.03,0.03,0.0,0.03,0.03,0.0,0.03,0.0,0.0,0.0,5.0
154,04.08.2020,13:00:57, 230-1 H23o. Nadel Messung I (5Zyklen),Messung I (5Zyklen),15.03,1498.0,11.78,11.77,11.81,11.81,32.73,32.73,4.15,3.18,15.0,0.0,0.01,0.01,0.0,0.01,0.01,0.0,0.01,0.01,0.0,0.0,0.0,0.0,0.0,32.63,32.65,0.02,32.63,32.65,0.02,0.0,0.03,0.0,0.03,0.03,0.0,0.03,0.03,0.0,0.03,0.03,0.0,0.0,0.0,0.0,0.03,0.03,0.0,0.03,0.03,0.0,0.03,0.0,0.0,0.0,5.0
155,04.08.2020,13:01:00, 230-1 H23o. Nadel Messung I (5Zyklen),Messung I (5Zyklen),15.03,1998.0,15.7,15.7,15.74,15.74,32.69,32.7,4.15,3.18,15.0,0.0,0.01,0.01,0.0,0.01,0.01,0.0,0.01,0.01,0.0,0.0,0.0,0.0,0.0,32.61,32.65,0.02,32.61,32.65,0.02,0.0,0.03,0.0,0.03,0.03,0.0,0.03,0.03,0.0,0.03,0.03,0.0,0.0,0.0,0.0,0.03,0.03,0.0,0.03,0.03,0.0,0.03,0.0,0.0,0.0,5.0
156,04.08.2020,13:01:04, 230-1 H23o. Nadel Messung I (5Zyklen),Messung I (5Zyklen),20.03,499.7,3.51,3.51,3.55,3.56,29.46,29.54,4.15,4.24,20.0,0.0,0.01,0.01,0.0,0.01,0.01,0.0,0.01,0.01,0.0,0.0,0.0,0.0,0.0,29.17,29.16,0.01,29.17,29.16,0.01,0.0,0.03,0.0,0.03,0.03,0.0,0.03,0.03,0.0,0.03,0.03,0.0,0.0,0.0,0.0,0.03,0.03,0.0,0.03,0.03,0.0,0.03,0.0,0.0,0.0,5.0
157,04.08.2020,13:01:08, 230-1 H23o. Nadel Messung I (5Zyklen),Messung I (5Zyklen),20.03,998.0,7.02,7.01,7.06,7.06,29.35,29.35,4.15,4.24,20.0,0.0,0.01,0.01,0.0,0.01,0.01,0.0,0.01,0.01,0.0,0.0,0.0,0.0,0.0,29.2,29.16,0.01,29.2,29.16,0.01,0.0,0.03,0.0,0.03,0.03,0.0,0.03,0.03,0.0,0.03,0.03,0.0,0.0,0.0,0.0,0.03,0.03,0.0,0.03,0.03,0.0,0.03,0.0,0.0,0.0,5.0
158,04.08.2020,13:01:11, 230-1 H23o. Nadel Messung I (5Zyklen),Messung I (5Zyklen),20.03,1498.0,10.52,10.52,10.56,10.56,29.25,29.26,4.15,4.23,20.0,0.0,0.01,0.01,0.0,0.01,0.01,0.0,0.01,0.01,0.0,0.0,0.0,0.0,0.0,29.15,29.16,0.01,29.15,29.16,0.01,0.0,0.03,0.0,0.03,0.03,0.0,0.03,0.03,0.0,0.03,0.03,0.0,0.0,0.0,0.0,0.03,0.03,0.0,0.03,0.03,0.0,0.03,0.0,0.0,0.0,5.0
159,04.08.2020,13:01:15, 230-1 H23o. Nadel Messung I (5Zyklen),Messung I (5Zyklen),20.02,1998.0,14.03,14.01,14.06,14.06,29.21,29.2,4.15,4.23,20.0,0.0,0.01,0.01,0.0,0.01,0.01,0.0,0.01,0.01,0.0,0.0,0.0,0.0,0.0,29.13,29.16,0.01,29.13,29.16,0.01,0.0,0.03,0.0,0.03,0.03,0.0,0.03,0.03,0.0,0.03,0.03,0.0,0.0,0.0,0.0,0.03,0.03,0.0,0.03,0.03,0.0,0.03,0.0,0.0,0.0,5.0
